id,archiveIdentifier,archiveFile,title,artist,album,quadrant,valence,energy,instrumentalness,speechiness,danceability,durationMs,analysisConfidence,categorySource,audioUrl,downloadUrl,externalUrl,licenseUrl,sourceSearch
archive-NS050-1-01-NS050-Multi-Panel_Christmas-With-Mr-Rice-mp3,NS050,01-NS050-Multi-Panel_Christmas-With-Mr-Rice.mp3,Christmas with Mr. Rice,Multi-Panel,"Another Day, Another Way",happy,0.7372,0.6216,0.9,0.04,0.5554,240900,0.9,internet_archive_metadata_query,https://archive.org/download/NS050/01-NS050-Multi-Panel_Christmas-With-Mr-Rice.mp3,https://archive.org/download/NS050/01-NS050-Multi-Panel_Christmas-With-Mr-Rice.mp3,https://archive.org/details/NS050,http://creativecommons.org/licenses/by-nc-sa/4.0/,happy-upbeat-instrumental
archive-NS050-2-02-NS050-Full-Source_Prior-To-alt-ver-mp3,NS050,02-NS050-Full-Source_Prior-To-alt-ver.mp3,Prior To (alt. ver.),Full-Source,"Another Day, Another Way",happy,0.7372,0.6216,0.9,0.04,0.5554,167970,0.9,internet_archive_metadata_query,https://archive.org/download/NS050/02-NS050-Full-Source_Prior-To-alt-ver.mp3,https://archive.org/download/NS050/02-NS050-Full-Source_Prior-To-alt-ver.mp3,https://archive.org/details/NS050,http://creativecommons.org/licenses/by-nc-sa/4.0/,happy-upbeat-instrumental
archive-lbn016Plusplus-gameOver-1-01Plusplus-AnimalMasks-mp3,lbn016Plusplus-gameOver,01Plusplus-AnimalMasks.mp3,01 Plusplus - Animal Masks,Plusplus,"[LBN016] Plusplus - ""Game Over""",relaxed,0.6012,0.3232,0.9,0.04,0.328,116000,0.7,internet_archive_metadata_query,https://archive.org/download/lbn016Plusplus-gameOver/01Plusplus-AnimalMasks.mp3,https://archive.org/download/lbn016Plusplus-gameOver/01Plusplus-AnimalMasks.mp3,https://archive.org/details/lbn016Plusplus-gameOver,http://creativecommons.org/licenses/by-nc-sa/3.0/,relaxed-calm-instrumental
archive-lbn016Plusplus-gameOver-2-02Plusplus-SongForSonny-mp3,lbn016Plusplus-gameOver,02Plusplus-SongForSonny.mp3,02 Plusplus - Song for Sonny,Plusplus,"[LBN016] Plusplus - ""Game Over""",relaxed,0.6012,0.3232,0.9,0.04,0.328,341570,0.7,internet_archive_metadata_query,https://archive.org/download/lbn016Plusplus-gameOver/02Plusplus-SongForSonny.mp3,https://archive.org/download/lbn016Plusplus-gameOver/02Plusplus-SongForSonny.mp3,https://archive.org/details/lbn016Plusplus-gameOver,http://creativecommons.org/licenses/by-nc-sa/3.0/,relaxed-calm-instrumental
archive-wh055-1-wh055_A01_Quiet_American_Khulna_Station-mp3,wh055,wh055_A01_Quiet_American_Khulna_Station.mp3,Khulna Station (for Andrew Raffo Dewar),Quiet American,Various Artists - Far Afield: A Webbed Hand Compilation [wh055],tense,0.3592,0.6104,0.9,0.04,0.4797,355290,0.76,internet_archive_metadata_query,https://archive.org/download/wh055/wh055_A01_Quiet_American_Khulna_Station.mp3,https://archive.org/download/wh055/wh055_A01_Quiet_American_Khulna_Station.mp3,https://archive.org/details/wh055,http://creativecommons.org/licenses/by-nc-nd/3.0/us/,tense-dark-instrumental
archive-wh055-2-wh055_A02_Erick_Gallun_Open_Field_Decay-mp3,wh055,wh055_A02_Erick_Gallun_Open_Field_Decay.mp3,Open Field Decay,Erick Gallun,Various Artists - Far Afield: A Webbed Hand Compilation [wh055],tense,0.3592,0.6104,0.9,0.04,0.4797,180230,0.76,internet_archive_metadata_query,https://archive.org/download/wh055/wh055_A02_Erick_Gallun_Open_Field_Decay.mp3,https://archive.org/download/wh055/wh055_A02_Erick_Gallun_Open_Field_Decay.mp3,https://archive.org/details/wh055,http://creativecommons.org/licenses/by-nc-nd/3.0/us/,tense-dark-instrumental
archive-foot149-1-foot149_01-duis-ea1-mp3,foot149,foot149_01-duis-ea1.mp3,Ea1,Duis,Duis [foot149],happy,0.7372,0.672,0.9,0.04,0.5897,143840,0.76,internet_archive_metadata_query,https://archive.org/download/foot149/foot149_01-duis-ea1.mp3,https://archive.org/download/foot149/foot149_01-duis-ea1.mp3,https://archive.org/details/foot149,http://creativecommons.org/licenses/by-nc-sa/3.0/,happy-upbeat-instrumental
archive-foot149-2-foot149_02-duis-watch_the-mp3,foot149,foot149_02-duis-watch_the.mp3,Watch The,Duis,Duis [foot149],happy,0.7372,0.672,0.9,0.04,0.5897,165990,0.76,internet_archive_metadata_query,https://archive.org/download/foot149/foot149_02-duis-watch_the.mp3,https://archive.org/download/foot149/foot149_02-duis-watch_the.mp3,https://archive.org/details/foot149,http://creativecommons.org/licenses/by-nc-sa/3.0/,happy-upbeat-instrumental
archive-pj007-1-1rockerfattomale-mp3,pj007,1rockerfattomale.mp3,rocker fatto male,Tagliogrezzo,Tagliogrezzo - Acqua e Sapone - [pj007],relaxed,0.6408,0.352,0.9,0.04,0.3547,206050,0.7,internet_archive_metadata_query,https://archive.org/download/pj007/1rockerfattomale.mp3,https://archive.org/download/pj007/1rockerfattomale.mp3,https://archive.org/details/pj007,http://creativecommons.org/licenses/by-nc-sa/2.5/,relaxed-calm-instrumental
archive-pj007-2-2erobello-mp3,pj007,2erobello.mp3,ero bello,Tagliogrezzo,Tagliogrezzo - Acqua e Sapone - [pj007],relaxed,0.6408,0.352,0.9,0.04,0.3547,285720,0.7,internet_archive_metadata_query,https://archive.org/download/pj007/2erobello.mp3,https://archive.org/download/pj007/2erobello.mp3,https://archive.org/details/pj007,http://creativecommons.org/licenses/by-nc-sa/2.5/,relaxed-calm-instrumental
archive-amp042_Rememverberation-1-01_usera_song-mp3,amp042_Rememverberation,01_usera_song.mp3,01_Usera _Song,Vi­ctor Sequi,Rememverberation - (amp042),tense,0.3592,0.6824,0.9,0.04,0.5287,329770,0.64,internet_archive_metadata_query,https://archive.org/download/amp042_Rememverberation/01_usera_song.mp3,https://archive.org/download/amp042_Rememverberation/01_usera_song.mp3,https://archive.org/details/amp042_Rememverberation,http://creativecommons.org/licenses/by-nc-nd/2.5/mx/,tense-dark-instrumental
archive-amp042_Rememverberation-2-02_399_golpes-mp3,amp042_Rememverberation,02_399_golpes.mp3,02. 399 golpes,Vi­ctor Sequi,Rememverberation - (amp042),tense,0.3592,0.6824,0.9,0.04,0.5287,158320,0.64,internet_archive_metadata_query,https://archive.org/download/amp042_Rememverberation/02_399_golpes.mp3,https://archive.org/download/amp042_Rememverberation/02_399_golpes.mp3,https://archive.org/details/amp042_Rememverberation,http://creativecommons.org/licenses/by-nc-nd/2.5/mx/,tense-dark-instrumental
archive-Various_Artists_-_Psicotropicodelia_Music_Vol-_IV-1-01_-_FLANDERSONG_feat_MUSETTA_-_Ophelias_Song_1-0-mp3,Various_Artists_-_Psicotropicodelia_Music_Vol._IV,01_-_FLANDERSONG_feat_MUSETTA_-_Ophelias_Song_1-0.mp3,01 - Flandersong feat. Musetta - Ophelia's Song 1.0,FLANDERSONG_feat._MUSETTA,Various Artists - Psicotropicodelia Music Vol. IV,sad_low,0.318,0.4688,0.9,0.04,0.376,236880,0.9,internet_archive_metadata_query,https://archive.org/download/Various_Artists_-_Psicotropicodelia_Music_Vol._IV/01_-_FLANDERSONG_feat_MUSETTA_-_Ophelias_Song_1-0.mp3,https://archive.org/download/Various_Artists_-_Psicotropicodelia_Music_Vol._IV/01_-_FLANDERSONG_feat_MUSETTA_-_Ophelias_Song_1-0.mp3,https://archive.org/details/Various_Artists_-_Psicotropicodelia_Music_Vol._IV,http://creativecommons.org/licenses/by-nc-sa/3.0/,sad-melancholic-instrumental
archive-Various_Artists_-_Psicotropicodelia_Music_Vol-_IV-2-02_-_PRODUCER_SNAFU_-_Epic_Car_Comercial_Music-mp3,Various_Artists_-_Psicotropicodelia_Music_Vol._IV,02_-_PRODUCER_SNAFU_-_Epic_Car_Comercial_Music.mp3,02 - Producer Snafu - Epic Car Comercial Music,PRODUCER_SNAFU,Various Artists - Psicotropicodelia Music Vol. IV,sad_low,0.318,0.4976,0.9,0.04,0.3956,384180,0.9,internet_archive_metadata_query,https://archive.org/download/Various_Artists_-_Psicotropicodelia_Music_Vol._IV/02_-_PRODUCER_SNAFU_-_Epic_Car_Comercial_Music.mp3,https://archive.org/download/Various_Artists_-_Psicotropicodelia_Music_Vol._IV/02_-_PRODUCER_SNAFU_-_Epic_Car_Comercial_Music.mp3,https://archive.org/details/Various_Artists_-_Psicotropicodelia_Music_Vol._IV,http://creativecommons.org/licenses/by-nc-sa/3.0/,sad-melancholic-instrumental
archive-dystopiaq029-1-101mixtoorMaterialMusic-mp3,dystopiaq029,101mixtoorMaterialMusic.mp3,Material Music,mix-toor,[dystopiaq029] Various Artists - mix-toor presents: This is material music.I do your condition,happy,0.57,0.66,0.9,0.04,0.5514,173380,0.68,internet_archive_metadata_query,https://archive.org/download/dystopiaq029/101mixtoorMaterialMusic.mp3,https://archive.org/download/dystopiaq029/101mixtoorMaterialMusic.mp3,https://archive.org/details/dystopiaq029,http://creativecommons.org/licenses/by-nc-nd/3.0/,broad-licensed-instrumental
archive-dystopiaq029-2-102TheBrokeUnknownLisboa-mp3,dystopiaq029,102TheBrokeUnknownLisboa.mp3,Lisboa,The Broke Unknown,[dystopiaq029] Various Artists - mix-toor presents: This is material music.I do your condition,happy,0.57,0.66,0.9,0.04,0.5514,194960,0.68,internet_archive_metadata_query,https://archive.org/download/dystopiaq029/102TheBrokeUnknownLisboa.mp3,https://archive.org/download/dystopiaq029/102TheBrokeUnknownLisboa.mp3,https://archive.org/details/dystopiaq029,http://creativecommons.org/licenses/by-nc-nd/3.0/,broad-licensed-instrumental
archive-ca200_cjazz-1-101_Strings_Of_Consciousness__Asphodel-mp3,ca200_cjazz,101_Strings_Of_Consciousness__Asphodel.mp3,101. Strings Of Consciousness - Asphodel,Strings Of Consciousness,Various - Clinical Jazz (ca200),happy,0.73,0.6936,0.9,0.04,0.603,357820,0.9,internet_archive_metadata_query,https://archive.org/download/ca200_cjazz/101_Strings_Of_Consciousness__Asphodel.mp3,https://archive.org/download/ca200_cjazz/101_Strings_Of_Consciousness__Asphodel.mp3,https://archive.org/details/ca200_cjazz,http://creativecommons.org/licenses/by-nc-nd/3.0/,happy-upbeat-instrumental
archive-ca200_cjazz-2-102_The_Black_Hakawati__There_s_a_Hole_at_the_End_of_the_Tunnel-mp3,ca200_cjazz,102_The_Black_Hakawati__There_s_a_Hole_at_the_End_of_the_Tunnel.mp3,102. The Black Hakawati - There’s a Hole at the End of the Tunnel,The Black Hakawati,Various - Clinical Jazz (ca200),happy,0.73,0.6936,0.9,0.04,0.603,324000,0.9,internet_archive_metadata_query,https://archive.org/download/ca200_cjazz/102_The_Black_Hakawati__There_s_a_Hole_at_the_End_of_the_Tunnel.mp3,https://archive.org/download/ca200_cjazz/102_The_Black_Hakawati__There_s_a_Hole_at_the_End_of_the_Tunnel.mp3,https://archive.org/details/ca200_cjazz,http://creativecommons.org/licenses/by-nc-nd/3.0/,happy-upbeat-instrumental
archive-SDD-1-06_Pink_Fish_Signs_V2_vbr-mp3,SDD,06_Pink_Fish_Signs_V2_vbr.mp3,Pink Fish Signs (Take Two),GeeNerve,GeeNerve - Suspense Dance Delights,tense,0.3448,0.7688,0.9,0.04,0.5848,83860,0.9,internet_archive_metadata_query,https://archive.org/download/SDD/06_Pink_Fish_Signs_V2_vbr.mp3,https://archive.org/download/SDD/06_Pink_Fish_Signs_V2_vbr.mp3,https://archive.org/details/SDD,http://creativecommons.org/licenses/by-nc-sa/2.0/,tense-dark-instrumental
archive-SDD-2-08_The_Wheel_vbr-mp3,SDD,08_The_Wheel_vbr.mp3,The Wheel,GeeNerve,GeeNerve - Suspense Dance Delights,tense,0.3448,0.7688,0.9,0.04,0.5848,632230,0.9,internet_archive_metadata_query,https://archive.org/download/SDD/08_The_Wheel_vbr.mp3,https://archive.org/download/SDD/08_The_Wheel_vbr.mp3,https://archive.org/details/SDD,http://creativecommons.org/licenses/by-nc-sa/2.0/,tense-dark-instrumental
archive-toulp1-1-toulp1a-mp3,toulp1,toulp1a.mp3,Eternal Truth,Psychadelik Pedestrian,Psychadelik Pedestrian,sad_low,0.4044,0.368,0.9,0.04,0.323,329450,0.82,internet_archive_metadata_query,https://archive.org/download/toulp1/toulp1a.mp3,https://archive.org/download/toulp1/toulp1a.mp3,https://archive.org/details/toulp1,http://creativecommons.org/licenses/by-sa/3.0/,sad-melancholic-instrumental
archive-toulp1-2-toulp1b-mp3,toulp1,toulp1b.mp3,Liquid Nitrogen,Psychadelik Pedestrian,Psychadelik Pedestrian,sad_low,0.4044,0.368,0.9,0.04,0.323,356280,0.82,internet_archive_metadata_query,https://archive.org/download/toulp1/toulp1b.mp3,https://archive.org/download/toulp1/toulp1b.mp3,https://archive.org/details/toulp1,http://creativecommons.org/licenses/by-sa/3.0/,sad-melancholic-instrumental
archive-badpanda002-1-CjLavoire-TheFirstOfTheYear-mp3,badpanda002,CjLavoire-TheFirstOfTheYear.mp3,CJ Lavoire - The First Of The Year,CJ Lavoire,CJ Lavoire - The First Of The Year  [BadPanda002],happy,0.7372,0.672,0.9,0.04,0.5897,391190,0.76,internet_archive_metadata_query,https://archive.org/download/badpanda002/CjLavoire-TheFirstOfTheYear.mp3,https://archive.org/download/badpanda002/CjLavoire-TheFirstOfTheYear.mp3,https://archive.org/details/badpanda002,http://creativecommons.org/licenses/by-nc-sa/3.0/,happy-upbeat-instrumental
archive-NS051-1-01-NS051-Ice_Voice-mp3,NS051,01-NS051-Ice_Voice.mp3,Ice voice,Sergi Boal,Nylon & Turtle,relaxed,0.6408,0.3232,0.9,0.04,0.3351,205450,0.64,internet_archive_metadata_query,https://archive.org/download/NS051/01-NS051-Ice_Voice.mp3,https://archive.org/download/NS051/01-NS051-Ice_Voice.mp3,https://archive.org/details/NS051,http://creativecommons.org/licenses/by-nc-sa/4.0/,relaxed-calm-instrumental
archive-NS051-2-02-NS051-Percorso-mp3,NS051,02-NS051-Percorso.mp3,Percorso,Sergi Boal,Nylon & Turtle,relaxed,0.6408,0.3232,0.9,0.04,0.3351,230000,0.64,internet_archive_metadata_query,https://archive.org/download/NS051/02-NS051-Percorso.mp3,https://archive.org/download/NS051/02-NS051-Percorso.mp3,https://archive.org/details/NS051,http://creativecommons.org/licenses/by-nc-sa/4.0/,relaxed-calm-instrumental
archive-ca222_avl-1-01_Bastardation-mp3,ca222_avl,01_Bastardation.mp3,Bastardation,Andre Vida & Lezet,Andre Vida & Lezet - Invasive (ca222),tense,0.3916,0.704,0.9,0.04,0.5492,304430,0.88,internet_archive_metadata_query,https://archive.org/download/ca222_avl/01_Bastardation.mp3,https://archive.org/download/ca222_avl/01_Bastardation.mp3,https://archive.org/details/ca222_avl,http://creativecommons.org/licenses/by-nc-nd/3.0/,tense-dark-instrumental
archive-ca222_avl-2-03_Bastardation__variation-mp3,ca222_avl,03_Bastardation__variation.mp3,Bastardation (variation),Andre Vida & Lezet,Andre Vida & Lezet - Invasive (ca222),tense,0.3916,0.704,0.9,0.04,0.5492,223900,0.88,internet_archive_metadata_query,https://archive.org/download/ca222_avl/03_Bastardation__variation.mp3,https://archive.org/download/ca222_avl/03_Bastardation__variation.mp3,https://archive.org/details/ca222_avl,http://creativecommons.org/licenses/by-nc-nd/3.0/,tense-dark-instrumental
archive-tou236-1-tou236b_vbr-mp3,tou236,tou236b_vbr.mp3,Departure Lounge (Marc Burt remix),Psychadelik Pedestrian,Departure Lounge,sad_low,0.4044,0.3896,0.9,0.04,0.3377,447430,0.9,internet_archive_metadata_query,https://archive.org/download/tou236/tou236b_vbr.mp3,https://archive.org/download/tou236/tou236b_vbr.mp3,https://archive.org/details/tou236,http://creativecommons.org/licenses/by-nc/3.0/,sad-melancholic-instrumental
archive-tou236-2-tou236a-mp3,tou236,tou236a.mp3,Departure Lounge (original mix),Psychadelik Pedestrian,Departure Lounge,sad_low,0.4044,0.3896,0.9,0.04,0.3377,392830,0.9,internet_archive_metadata_query,https://archive.org/download/tou236/tou236a.mp3,https://archive.org/download/tou236/tou236a.mp3,https://archive.org/details/tou236,http://creativecommons.org/licenses/by-nc/3.0/,sad-melancholic-instrumental
archive-mz001_Mademoi_Selle-1-01_Anima_Delusions-mp3,mz001_Mademoi_Selle,01_Anima_Delusions.mp3,Anima Delusions,Mademoi Selle,[MZ001] Mademoi Selle: Bipolar Disorder,happy,0.7372,0.7872,0.9,0.04,0.668,145720,0.9,internet_archive_metadata_query,https://archive.org/download/mz001_Mademoi_Selle/01_Anima_Delusions.mp3,https://archive.org/download/mz001_Mademoi_Selle/01_Anima_Delusions.mp3,https://archive.org/details/mz001_Mademoi_Selle,http://creativecommons.org/licenses/by-nc-sa/3.0/,happy-upbeat-instrumental
archive-mz001_Mademoi_Selle-2-02_Hazardous-mp3,mz001_Mademoi_Selle,02_Hazardous.mp3,Hazardous,Mademoi Selle,[MZ001] Mademoi Selle: Bipolar Disorder,happy,0.7372,0.7872,0.9,0.04,0.668,162980,0.9,internet_archive_metadata_query,https://archive.org/download/mz001_Mademoi_Selle/02_Hazardous.mp3,https://archive.org/download/mz001_Mademoi_Selle/02_Hazardous.mp3,https://archive.org/details/mz001_Mademoi_Selle,http://creativecommons.org/licenses/by-nc-sa/3.0/,happy-upbeat-instrumental
archive-NS042-1-01-NS042-intro-mp3,NS042,01-NS042-intro.mp3,Intro,Wacky Southern Current,In a Realm of Uncertain Summer,relaxed,0.6732,0.3736,0.9,0.04,0.3752,79760,0.9,internet_archive_metadata_query,https://archive.org/download/NS042/01-NS042-intro.mp3,https://archive.org/download/NS042/01-NS042-intro.mp3,https://archive.org/details/NS042,http://creativecommons.org/licenses/by-nc-sa/4.0/,relaxed-calm-instrumental
archive-NS042-2-02-NS042-theme_from_an_uncertain_summer-mp3,NS042,02-NS042-theme_from_an_uncertain_summer.mp3,Theme from an Uncertain Summer,Wacky Southern Current,In a Realm of Uncertain Summer,relaxed,0.6732,0.3736,0.9,0.04,0.3752,261150,0.9,internet_archive_metadata_query,https://archive.org/download/NS042/02-NS042-theme_from_an_uncertain_summer.mp3,https://archive.org/download/NS042/02-NS042-theme_from_an_uncertain_summer.mp3,https://archive.org/details/NS042,http://creativecommons.org/licenses/by-nc-sa/4.0/,relaxed-calm-instrumental
archive-bd0011-1-a_baroquedub_-_crash-and-burn-mp3,bd0011,a_baroquedub_-_crash-and-burn.mp3,crash and burn (feat. mr.doll),baroquedub,Dark Side Dubs [bd0011],tense,0.3196,0.6824,0.9,0.04,0.5216,256810,0.7,internet_archive_metadata_query,https://archive.org/download/bd0011/a_baroquedub_-_crash-and-burn.mp3,https://archive.org/download/bd0011/a_baroquedub_-_crash-and-burn.mp3,https://archive.org/details/bd0011,http://creativecommons.org/licenses/by-nc-nd/2.0/uk/,tense-dark-instrumental
archive-bd0011-2-aa_baroquedub_-_asia-mp3,bd0011,aa_baroquedub_-_asia.mp3,asia,baroquedub,Dark Side Dubs [bd0011],tense,0.3196,0.6824,0.9,0.04,0.5216,290660,0.7,internet_archive_metadata_query,https://archive.org/download/bd0011/aa_baroquedub_-_asia.mp3,https://archive.org/download/bd0011/aa_baroquedub_-_asia.mp3,https://archive.org/details/bd0011,http://creativecommons.org/licenses/by-nc-nd/2.0/uk/,tense-dark-instrumental
archive-DWK301-1-Mounika_-_01_-_oooOOOooo-mp3,DWK301,Mounika_-_01_-_oooOOOooo.mp3,oooOOOooo,Mounika,Born To Be Beats (EP),relaxed,0.5,0.48,0.9,0.04,0.4164,104620,0.5,internet_archive_metadata_query,https://archive.org/download/DWK301/Mounika_-_01_-_oooOOOooo.mp3,https://archive.org/download/DWK301/Mounika_-_01_-_oooOOOooo.mp3,https://archive.org/details/DWK301,http://creativecommons.org/licenses/by-nc-nd/3.0/,broad-licensed-instrumental
archive-DWK301-2-Mounika_-_02_-_SoInLoveWithYou-mp3,DWK301,Mounika_-_02_-_SoInLoveWithYou.mp3,SoInLoveWithYou,Mounika,Born To Be Beats (EP),relaxed,0.5,0.48,0.9,0.04,0.4164,122380,0.5,internet_archive_metadata_query,https://archive.org/download/DWK301/Mounika_-_02_-_SoInLoveWithYou.mp3,https://archive.org/download/DWK301/Mounika_-_02_-_SoInLoveWithYou.mp3,https://archive.org/details/DWK301,http://creativecommons.org/licenses/by-nc-nd/3.0/,broad-licensed-instrumental
archive-NS019-1-01-NS019-Country_Tune-mp3,NS019,01-NS019-Country_Tune.mp3,Country Tune,pEACEFANg,pEACEFANg EP,happy,0.7048,0.6,0.9,0.04,0.5349,246850,0.82,internet_archive_metadata_query,https://archive.org/download/NS019/01-NS019-Country_Tune.mp3,https://archive.org/download/NS019/01-NS019-Country_Tune.mp3,https://archive.org/details/NS019,http://creativecommons.org/licenses/by-nc-sa/4.0/,happy-upbeat-instrumental
archive-NS019-2-02-NS019-ct310-mp3,NS019,02-NS019-ct310.mp3,ct310,pEACEFANg,pEACEFANg EP,happy,0.7048,0.6,0.9,0.04,0.5349,222840,0.82,internet_archive_metadata_query,https://archive.org/download/NS019/02-NS019-ct310.mp3,https://archive.org/download/NS019/02-NS019-ct310.mp3,https://archive.org/details/NS019,http://creativecommons.org/licenses/by-nc-sa/4.0/,happy-upbeat-instrumental
archive-12rec-036-1-Crepusculum_-_01_A-Sheltered-Life-mp3,12rec.036,Crepusculum_-_01_A-Sheltered-Life.mp3,A Sheltered Life,Crepusculum,Crepusculum - Sky Diaries EP [12rec.036],relaxed,0.7056,0.3232,0.9,0.04,0.3468,226720,0.76,internet_archive_metadata_query,https://archive.org/download/12rec.036/Crepusculum_-_01_A-Sheltered-Life.mp3,https://archive.org/download/12rec.036/Crepusculum_-_01_A-Sheltered-Life.mp3,https://archive.org/details/12rec.036,http://creativecommons.org/licenses/by-nc-sa/2.5/,relaxed-calm-instrumental
archive-12rec-036-2-Crepusculum_-_02_This-is-Mechanism-Not-Ectoplasm-mp3,12rec.036,Crepusculum_-_02_This-is-Mechanism-Not-Ectoplasm.mp3,"This Is Mechanism, Not Ectoplasm",Crepusculum,Crepusculum - Sky Diaries EP [12rec.036],relaxed,0.7056,0.3232,0.9,0.04,0.3468,175930,0.76,internet_archive_metadata_query,https://archive.org/download/12rec.036/Crepusculum_-_02_This-is-Mechanism-Not-Ectoplasm.mp3,https://archive.org/download/12rec.036/Crepusculum_-_02_This-is-Mechanism-Not-Ectoplasm.mp3,https://archive.org/details/12rec.036,http://creativecommons.org/licenses/by-nc-sa/2.5/,relaxed-calm-instrumental
archive-rdm018-1-rdm018_-_toronto_-_toronto_iii_-_01_-_el_eterno_insatisfecho-mp3,rdm018,rdm018_-_toronto_-_toronto_iii_-_01_-_el_eterno_insatisfecho.mp3,El eterno insatisfecho,toronto,[rdm018] Toronto : Toronto [III],tense,0.3916,0.7112,0.9,0.04,0.5541,107380,0.76,internet_archive_metadata_query,https://archive.org/download/rdm018/rdm018_-_toronto_-_toronto_iii_-_01_-_el_eterno_insatisfecho.mp3,https://archive.org/download/rdm018/rdm018_-_toronto_-_toronto_iii_-_01_-_el_eterno_insatisfecho.mp3,https://archive.org/details/rdm018,http://creativecommons.org/licenses/by-nd/3.0/,tense-dark-instrumental
archive-rdm018-2-rdm018_-_toronto_-_toronto_iii_-_02_-_ataque_max_lange-mp3,rdm018,rdm018_-_toronto_-_toronto_iii_-_02_-_ataque_max_lange.mp3,Ataque Max Lange,toronto,[rdm018] Toronto : Toronto [III],tense,0.3916,0.7112,0.9,0.04,0.5541,146720,0.76,internet_archive_metadata_query,https://archive.org/download/rdm018/rdm018_-_toronto_-_toronto_iii_-_02_-_ataque_max_lange.mp3,https://archive.org/download/rdm018/rdm018_-_toronto_-_toronto_iii_-_02_-_ataque_max_lange.mp3,https://archive.org/details/rdm018,http://creativecommons.org/licenses/by-nd/3.0/,tense-dark-instrumental
archive-toulp2-1-toulp2a-mp3,toulp2,toulp2a.mp3,Spectre,Psychadelik Pedestrian,Transient,sad_low,0.3972,0.3896,0.9,0.04,0.3364,264090,0.9,internet_archive_metadata_query,https://archive.org/download/toulp2/toulp2a.mp3,https://archive.org/download/toulp2/toulp2a.mp3,https://archive.org/details/toulp2,http://creativecommons.org/licenses/by-nc/3.0/,sad-melancholic-instrumental
archive-toulp2-2-toulp2b-mp3,toulp2,toulp2b.mp3,Upside Down (feat. Snowflake),Psychadelik Pedestrian,Transient,sad_low,0.3972,0.3896,0.9,0.04,0.3364,283110,0.9,internet_archive_metadata_query,https://archive.org/download/toulp2/toulp2b.mp3,https://archive.org/download/toulp2/toulp2b.mp3,https://archive.org/details/toulp2,http://creativecommons.org/licenses/by-nc/3.0/,sad-melancholic-instrumental
archive-ca294_bidn-1-01_improviso_em_branco_e_preto-mp3,ca294_bidn,01_improviso_em_branco_e_preto.mp3,01 - Improviso em Branco e Preto (Carta as Videntes) [Mario Del Nunzio],"Bernardo Barros, Henrique Iwao & Mario Del Nunzio","Bernardo Barros, Henrique Iwao & Mario Del Nunzio - Musica Eletronica 2004 (ca294)",happy,0.7696,0.78,0.9,0.04,0.6689,462500,0.9,internet_archive_metadata_query,https://archive.org/download/ca294_bidn/01_improviso_em_branco_e_preto.mp3,https://archive.org/download/ca294_bidn/01_improviso_em_branco_e_preto.mp3,https://archive.org/details/ca294_bidn,http://creativecommons.org/licenses/by-nc-nd/3.0/,happy-upbeat-instrumental
archive-ca294_bidn-2-02_libidinagens_neuro_sentimentais-mp3,ca294_bidn,02_libidinagens_neuro_sentimentais.mp3,02 - Libidinagens Neuro-sentimentais [Mario Del Nunzio],"Bernardo Barros, Henrique Iwao & Mario Del Nunzio","Bernardo Barros, Henrique Iwao & Mario Del Nunzio - Musica Eletronica 2004 (ca294)",happy,0.7696,0.78,0.9,0.04,0.6689,477680,0.9,internet_archive_metadata_query,https://archive.org/download/ca294_bidn/02_libidinagens_neuro_sentimentais.mp3,https://archive.org/download/ca294_bidn/02_libidinagens_neuro_sentimentais.mp3,https://archive.org/details/ca294_bidn,http://creativecommons.org/licenses/by-nc-nd/3.0/,happy-upbeat-instrumental
archive-lbn008Plusplus-evils-1-01OhMaryWhatHaveYouDone-mp3,lbn008Plusplus-evils,01OhMaryWhatHaveYouDone.mp3,01 Oh mary what have you done,Plusplus,"[LBN008] Plusplus - ""Evils""",relaxed,0.6408,0.3232,0.9,0.04,0.3351,186020,0.64,internet_archive_metadata_query,https://archive.org/download/lbn008Plusplus-evils/01OhMaryWhatHaveYouDone.mp3,https://archive.org/download/lbn008Plusplus-evils/01OhMaryWhatHaveYouDone.mp3,https://archive.org/details/lbn008Plusplus-evils,http://creativecommons.org/licenses/by-nc-nd/3.0/,relaxed-calm-instrumental
archive-lbn008Plusplus-evils-2-02Evils-mp3,lbn008Plusplus-evils,02Evils.mp3,02 Evils,Plusplus,"[LBN008] Plusplus - ""Evils""",relaxed,0.6408,0.3232,0.9,0.04,0.3351,260410,0.64,internet_archive_metadata_query,https://archive.org/download/lbn008Plusplus-evils/02Evils.mp3,https://archive.org/download/lbn008Plusplus-evils/02Evils.mp3,https://archive.org/details/lbn008Plusplus-evils,http://creativecommons.org/licenses/by-nc-nd/3.0/,relaxed-calm-instrumental
archive-WM068-1-WM068-01-mp3,WM068,WM068-01.mp3,Il piccolo principe ha sparato alla volpe*,3Sacchetti,3Sacchetti - Bora! Bora! Mr. Motto [WM068],tense,0.3592,0.6824,0.9,0.04,0.5287,210130,0.64,internet_archive_metadata_query,https://archive.org/download/WM068/WM068-01.mp3,https://archive.org/download/WM068/WM068-01.mp3,https://archive.org/details/WM068,http://creativecommons.org/licenses/by-nc-sa/3.0/,tense-dark-instrumental
archive-WM068-2-WM068-02-mp3,WM068,WM068-02.mp3,Bobo-yeah. matteo e un eco-mostro,3Sacchetti,3Sacchetti - Bora! Bora! Mr. Motto [WM068],tense,0.3592,0.6824,0.9,0.04,0.5287,152060,0.64,internet_archive_metadata_query,https://archive.org/download/WM068/WM068-02.mp3,https://archive.org/download/WM068/WM068-02.mp3,https://archive.org/details/WM068,http://creativecommons.org/licenses/by-nc-sa/3.0/,tense-dark-instrumental
archive-mt021-1-01_-_Wanderer-mp3,mt021,01_-_Wanderer.mp3,Wanderer,Doc & Lena Selyanina,Doc & Lena Selyanina - Vienna Blue [mt021],sad_low,0.372,0.2744,0.9,0.04,0.2536,498260,0.7,internet_archive_metadata_query,https://archive.org/download/mt021/01_-_Wanderer.mp3,https://archive.org/download/mt021/01_-_Wanderer.mp3,https://archive.org/details/mt021,http://creativecommons.org/licenses/by/3.0/,sad-melancholic-instrumental
archive-mt021-2-02_-_Doppelganger-mp3,mt021,02_-_Doppelganger.mp3,Doppelgänger,Doc & Lena Selyanina,Doc & Lena Selyanina - Vienna Blue [mt021],sad_low,0.372,0.2744,0.9,0.04,0.2536,559310,0.7,internet_archive_metadata_query,https://archive.org/download/mt021/02_-_Doppelganger.mp3,https://archive.org/download/mt021/02_-_Doppelganger.mp3,https://archive.org/details/mt021,http://creativecommons.org/licenses/by/3.0/,sad-melancholic-instrumental
archive-s27-058AlteredcarbonKendallWa-Hilander-1-1-01TintedSoul-mp3,s27-058AlteredcarbonKendallWa-Hilander,1-01TintedSoul.mp3,101 - Tinted Soul,Altered:Carbon & Kendall WA,[S27-058] Altered:Carbon & Kendall WA - Hilander,happy,0.7048,0.7368,0.9,0.04,0.6279,205060,0.7,internet_archive_metadata_query,https://archive.org/download/s27-058AlteredcarbonKendallWa-Hilander/1-01TintedSoul.mp3,https://archive.org/download/s27-058AlteredcarbonKendallWa-Hilander/1-01TintedSoul.mp3,https://archive.org/details/s27-058AlteredcarbonKendallWa-Hilander,http://creativecommons.org/licenses/by-nc-nd/3.0/,happy-upbeat-instrumental
archive-s27-058AlteredcarbonKendallWa-Hilander-2-1-02GoingsOn-mp3,s27-058AlteredcarbonKendallWa-Hilander,1-02GoingsOn.mp3,102 - Goings On,Altered:Carbon & Kendall WA,[S27-058] Altered:Carbon & Kendall WA - Hilander,happy,0.7048,0.7368,0.9,0.04,0.6279,239520,0.7,internet_archive_metadata_query,https://archive.org/download/s27-058AlteredcarbonKendallWa-Hilander/1-02GoingsOn.mp3,https://archive.org/download/s27-058AlteredcarbonKendallWa-Hilander/1-02GoingsOn.mp3,https://archive.org/details/s27-058AlteredcarbonKendallWa-Hilander,http://creativecommons.org/licenses/by-nc-nd/3.0/,happy-upbeat-instrumental
archive-ser013-1-ser013_01_nest_-_lodge-mp3,ser013,ser013_01_nest_-_lodge.mp3,lodge,nest,Nest - Nest EP,relaxed,0.6408,0.3448,0.9,0.04,0.3498,234690,0.82,internet_archive_metadata_query,https://archive.org/download/ser013/ser013_01_nest_-_lodge.mp3,https://archive.org/download/ser013/ser013_01_nest_-_lodge.mp3,https://archive.org/details/ser013,http://creativecommons.org/licenses/by-nc-nd/3.0/,relaxed-calm-instrumental
archive-ser013-2-ser013_02_nest_-_kyoto-mp3,ser013,ser013_02_nest_-_kyoto.mp3,kyoto,nest,Nest - Nest EP,relaxed,0.6408,0.3448,0.9,0.04,0.3498,326540,0.82,internet_archive_metadata_query,https://archive.org/download/ser013/ser013_02_nest_-_kyoto.mp3,https://archive.org/download/ser013/ser013_02_nest_-_kyoto.mp3,https://archive.org/details/ser013,http://creativecommons.org/licenses/by-nc-nd/3.0/,relaxed-calm-instrumental
archive-WM061-1-WM061-01-mp3,WM061,WM061-01.mp3,Die Fenster des Detlev Sierks 1,Hanns Ahring - Jean Quist - Maren Schram,Hanns Ahring/Jean Quist/Maren Schram - Die Fenster des Detlev Sierks [WM061],tense,0.424,0.6824,0.9,0.04,0.5404,301530,0.76,internet_archive_metadata_query,https://archive.org/download/WM061/WM061-01.mp3,https://archive.org/download/WM061/WM061-01.mp3,https://archive.org/details/WM061,http://creativecommons.org/licenses/by-nc-sa/3.0/,tense-dark-instrumental
archive-WM061-2-WM061-02-mp3,WM061,WM061-02.mp3,Die Fenster des Detlev Sierks 2,Hanns Ahring - Jean Quist - Maren Schram,Hanns Ahring/Jean Quist/Maren Schram - Die Fenster des Detlev Sierks [WM061],tense,0.424,0.6824,0.9,0.04,0.5404,286560,0.76,internet_archive_metadata_query,https://archive.org/download/WM061/WM061-02.mp3,https://archive.org/download/WM061/WM061-02.mp3,https://archive.org/details/WM061,http://creativecommons.org/licenses/by-nc-sa/3.0/,tense-dark-instrumental
archive-DWK048-1-Abstracode_-_01_-_Sweet_Poison-mp3,DWK048,Abstracode_-_01_-_Sweet_Poison.mp3,Sweet Poison,Abstracode,68 EP,sad_low,0.2928,0.3392,0.9,0.04,0.2834,98160,0.82,internet_archive_metadata_query,https://archive.org/download/DWK048/Abstracode_-_01_-_Sweet_Poison.mp3,https://archive.org/download/DWK048/Abstracode_-_01_-_Sweet_Poison.mp3,https://archive.org/details/DWK048,http://creativecommons.org/licenses/by-nc-nd/3.0/,sad-melancholic-instrumental
archive-DWK048-2-Abstracode_-_02_-_Deagital-mp3,DWK048,Abstracode_-_02_-_Deagital.mp3,Deagital,Abstracode,68 EP,sad_low,0.2928,0.3392,0.9,0.04,0.2834,287340,0.82,internet_archive_metadata_query,https://archive.org/download/DWK048/Abstracode_-_02_-_Deagital.mp3,https://archive.org/download/DWK048/Abstracode_-_02_-_Deagital.mp3,https://archive.org/details/DWK048,http://creativecommons.org/licenses/by-nc-nd/3.0/,sad-melancholic-instrumental
archive-DWK315-1-01_-_Anitek_-_Dark_City_feat-_Sara_Grey-mp3,DWK315,01_-_Anitek_-_Dark_City_feat._Sara_Grey.mp3,Dark City (feat. Sara Grey),Anitek,Luna (LP),sad_low,0.39,0.4,0.9,0.04,0.3422,194040,0.5,internet_archive_metadata_query,https://archive.org/download/DWK315/01_-_Anitek_-_Dark_City_feat._Sara_Grey.mp3,https://archive.org/download/DWK315/01_-_Anitek_-_Dark_City_feat._Sara_Grey.mp3,https://archive.org/details/DWK315,http://creativecommons.org/licenses/by-nc-nd/3.0/,broad-licensed-instrumental
archive-DWK315-2-02_-_Anitek_-_So_Far-mp3,DWK315,02_-_Anitek_-_So_Far.mp3,So Far,Anitek,Luna (LP),relaxed,0.5,0.4,0.9,0.04,0.362,173370,0.44,internet_archive_metadata_query,https://archive.org/download/DWK315/02_-_Anitek_-_So_Far.mp3,https://archive.org/download/DWK315/02_-_Anitek_-_So_Far.mp3,https://archive.org/details/DWK315,http://creativecommons.org/licenses/by-nc-nd/3.0/,broad-licensed-instrumental
archive-12rec-037-1-Nic_Bommarito_-_01_Once_A_Freak_Always_A_Freak-mp3,12rec.037,Nic_Bommarito_-_01_Once_A_Freak_Always_A_Freak.mp3,"Once A Freak, Always A Freak",Nic Bommarito,Nic Bommarito - Taciturn [12rec.037],happy,0.7372,0.7368,0.9,0.04,0.6337,220700,0.76,internet_archive_metadata_query,https://archive.org/download/12rec.037/Nic_Bommarito_-_01_Once_A_Freak_Always_A_Freak.mp3,https://archive.org/download/12rec.037/Nic_Bommarito_-_01_Once_A_Freak_Always_A_Freak.mp3,https://archive.org/details/12rec.037,http://creativecommons.org/licenses/by-nc-sa/2.5/,happy-upbeat-instrumental
archive-12rec-037-2-Nic_Bommarito_-_02_Taciturn_II-mp3,12rec.037,Nic_Bommarito_-_02_Taciturn_II.mp3,Taciturn II,Nic Bommarito,Nic Bommarito - Taciturn [12rec.037],happy,0.7372,0.7368,0.9,0.04,0.6337,539160,0.76,internet_archive_metadata_query,https://archive.org/download/12rec.037/Nic_Bommarito_-_02_Taciturn_II.mp3,https://archive.org/download/12rec.037/Nic_Bommarito_-_02_Taciturn_II.mp3,https://archive.org/details/12rec.037,http://creativecommons.org/licenses/by-nc-sa/2.5/,happy-upbeat-instrumental
archive-BAM-ost-1-01-BAM-Opening_Titles-mp3,BAM-ost,01-BAM-Opening_Titles.mp3,Opening Titles,Lee Rosevere,Lee Rosevere - B.A.M. soundtrack,relaxed,0.6984,0.3808,0.9,0.04,0.3847,123060,0.9,internet_archive_metadata_query,https://archive.org/download/BAM-ost/01-BAM-Opening_Titles.mp3,https://archive.org/download/BAM-ost/01-BAM-Opening_Titles.mp3,https://archive.org/details/BAM-ost,http://creativecommons.org/licenses/by-nc-sa/2.5/ca/,relaxed-calm-instrumental
archive-BAM-ost-2-02-BAM-It_Can_Really_Get_To_You-mp3,BAM-ost,02-BAM-It_Can_Really_Get_To_You.mp3,It Can Really Get To You,Lee Rosevere,Lee Rosevere - B.A.M. soundtrack,relaxed,0.6984,0.3808,0.9,0.04,0.3847,122370,0.9,internet_archive_metadata_query,https://archive.org/download/BAM-ost/02-BAM-It_Can_Really_Get_To_You.mp3,https://archive.org/download/BAM-ost/02-BAM-It_Can_Really_Get_To_You.mp3,https://archive.org/details/BAM-ost,http://creativecommons.org/licenses/by-nc-sa/2.5/ca/,relaxed-calm-instrumental
archive-ca376_s-1-02PrigayutDerevyaIKusty-mp3,ca376_s,02PrigayutDerevyaIKusty.mp3,02 Prigayut derevya i kusty,Sybarites,Sybarites - Dlinniy Put' (Длинный Путь) (ca376),tense,0.3592,0.6824,0.9,0.04,0.5287,126060,0.64,internet_archive_metadata_query,https://archive.org/download/ca376_s/02PrigayutDerevyaIKusty.mp3,https://archive.org/download/ca376_s/02PrigayutDerevyaIKusty.mp3,https://archive.org/details/ca376_s,http://creativecommons.org/licenses/by-nc-nd/3.0/,tense-dark-instrumental
archive-ca376_s-2-04Morkov-mp3,ca376_s,04Morkov.mp3,04 Morkov,Sybarites,Sybarites - Dlinniy Put' (Длинный Путь) (ca376),tense,0.3592,0.6824,0.9,0.04,0.5287,152100,0.64,internet_archive_metadata_query,https://archive.org/download/ca376_s/04Morkov.mp3,https://archive.org/download/ca376_s/04Morkov.mp3,https://archive.org/details/ca376_s,http://creativecommons.org/licenses/by-nc-nd/3.0/,tense-dark-instrumental
archive-plague018-1-plague018_Milano_01_Ruberti_-_wandering_clean_version-mp3,plague018,plague018_Milano_01_Ruberti_-_wandering_clean_version.mp3,Wandering (clean version),Ruberti & Mangoni,Wandering In Milano,sad_low,0.372,0.3032,0.9,0.04,0.2731,358830,0.76,internet_archive_metadata_query,https://archive.org/download/plague018/plague018_Milano_01_Ruberti_-_wandering_clean_version.mp3,https://archive.org/download/plague018/plague018_Milano_01_Ruberti_-_wandering_clean_version.mp3,https://archive.org/details/plague018,http://creativecommons.org/licenses/by-nc-nd/3.0/us/,sad-melancholic-instrumental
archive-plague018-2-plague018_Milano_02_Ruberti_-_waiting-mp3,plague018,plague018_Milano_02_Ruberti_-_waiting.mp3,Waiting,Ruberti & Mangoni,Wandering In Milano,sad_low,0.372,0.3032,0.9,0.04,0.2731,219960,0.76,internet_archive_metadata_query,https://archive.org/download/plague018/plague018_Milano_02_Ruberti_-_waiting.mp3,https://archive.org/download/plague018/plague018_Milano_02_Ruberti_-_waiting.mp3,https://archive.org/details/plague018,http://creativecommons.org/licenses/by-nc-nd/3.0/us/,sad-melancholic-instrumental
archive-sute027-1-2-16_Sabi_-_Screaming_Bulb_10323-mp3,sute027,2.16_Sabi_-_Screaming_Bulb_10323.mp3,Screaming Bulb (10'3'23),Sabi,Various Artists - Intelligent Toys: We Make Music (Sutemos027),relaxed,0.6408,0.4096,0.9,0.04,0.3939,467250,0.82,internet_archive_metadata_query,https://archive.org/download/sute027/2.16_Sabi_-_Screaming_Bulb_10323.mp3,https://archive.org/download/sute027/2.16_Sabi_-_Screaming_Bulb_10323.mp3,https://archive.org/details/sute027,http://creativecommons.org/licenses/by-nd/3.0/,relaxed-calm-instrumental
archive-sute027-2-1-01_Daniel_Blomqvist_-_At_The_Klinik-mp3,sute027,1.01_Daniel_Blomqvist_-_At_The_Klinik.mp3,At The Klinik,Daniel Blomqvist,Various Artists - Intelligent Toys: We Make Music (Sutemos027),relaxed,0.6408,0.4096,0.9,0.04,0.3939,372680,0.82,internet_archive_metadata_query,https://archive.org/download/sute027/1.01_Daniel_Blomqvist_-_At_The_Klinik.mp3,https://archive.org/download/sute027/1.01_Daniel_Blomqvist_-_At_The_Klinik.mp3,https://archive.org/details/sute027,http://creativecommons.org/licenses/by-nd/3.0/,relaxed-calm-instrumental
archive-wh056-1-wh056_01_lanaissance-MP3,wh056,wh056_01_lanaissance.MP3,la naissance,Vincent Bergeron,Vincent Bergeron - Casse-tete de l'Existence [wh056],tense,0.424,0.668,0.9,0.04,0.5306,315790,0.9,internet_archive_metadata_query,https://archive.org/download/wh056/wh056_01_lanaissance.MP3,https://archive.org/download/wh056/wh056_01_lanaissance.MP3,https://archive.org/details/wh056,http://creativecommons.org/licenses/by-nc-nd/3.0/us/,tense-dark-instrumental
archive-wh056-2-wh056_02_reverealitehistoireunclown-MP3,wh056,wh056_02_reverealitehistoireunclown.MP3,reve-realite (histoire...),Vincent Bergeron,Vincent Bergeron - Casse-tete de l'Existence [wh056],tense,0.424,0.668,0.9,0.04,0.5306,446300,0.9,internet_archive_metadata_query,https://archive.org/download/wh056/wh056_02_reverealitehistoireunclown.MP3,https://archive.org/download/wh056/wh056_02_reverealitehistoireunclown.MP3,https://archive.org/details/wh056,http://creativecommons.org/licenses/by-nc-nd/3.0/us/,tense-dark-instrumental
archive-tou241-1-tou241a-mp3,tou241,tou241a.mp3,Ethereal (original mix),Marc Burt,Ethereal,sad_low,0.4368,0.368,0.9,0.04,0.3289,427340,0.88,internet_archive_metadata_query,https://archive.org/download/tou241/tou241a.mp3,https://archive.org/download/tou241/tou241a.mp3,https://archive.org/details/tou241,http://creativecommons.org/licenses/by-nd/3.0/,sad-melancholic-instrumental
archive-tou241-2-tou241b-mp3,tou241,tou241b.mp3,Exodus (JMD remix),Marc Burt,Ethereal,sad_low,0.4368,0.368,0.9,0.04,0.3289,396550,0.88,internet_archive_metadata_query,https://archive.org/download/tou241/tou241b.mp3,https://archive.org/download/tou241/tou241b.mp3,https://archive.org/details/tou241,http://creativecommons.org/licenses/by-nd/3.0/,sad-melancholic-instrumental
archive-DWK119-1-Jenova_7_-_02_-_Sidewalk_Flower-mp3,DWK119,Jenova_7_-_02_-_Sidewalk_Flower.mp3,Sidewalk Flower,Jenova 7,Dusted Jazz Volume Two (LP),relaxed,0.5,0.48,0.9,0.04,0.4164,269570,0.5,internet_archive_metadata_query,https://archive.org/download/DWK119/Jenova_7_-_02_-_Sidewalk_Flower.mp3,https://archive.org/download/DWK119/Jenova_7_-_02_-_Sidewalk_Flower.mp3,https://archive.org/details/DWK119,http://creativecommons.org/licenses/by-nc-nd/3.0/,broad-licensed-instrumental
archive-DWK119-2-Jenova_7_-_03_-_Streetlight_Noir-mp3,DWK119,Jenova_7_-_03_-_Streetlight_Noir.mp3,Streetlight Noir,Jenova 7,Dusted Jazz Volume Two (LP),relaxed,0.5,0.48,0.9,0.04,0.4164,171960,0.5,internet_archive_metadata_query,https://archive.org/download/DWK119/Jenova_7_-_03_-_Streetlight_Noir.mp3,https://archive.org/download/DWK119/Jenova_7_-_03_-_Streetlight_Noir.mp3,https://archive.org/details/DWK119,http://creativecommons.org/licenses/by-nc-nd/3.0/,broad-licensed-instrumental
archive-miga04-1-01_Zero_0_vbr-mp3,miga04,01_Zero_0_vbr.mp3,Zero 0,Naïfloop,"[Miga04] Naifloop ""Between""",happy,0.7372,0.7368,0.9,0.04,0.6337,282040,0.76,internet_archive_metadata_query,https://archive.org/download/miga04/01_Zero_0_vbr.mp3,https://archive.org/download/miga04/01_Zero_0_vbr.mp3,https://archive.org/details/miga04,http://creativecommons.org/licenses/by-nc-sa/2.5/,happy-upbeat-instrumental
archive-miga04-2-02_Dancing_vbr-mp3,miga04,02_Dancing_vbr.mp3,Dancing,Naïfloop,"[Miga04] Naifloop ""Between""",happy,0.7372,0.7368,0.9,0.04,0.6337,225960,0.76,internet_archive_metadata_query,https://archive.org/download/miga04/02_Dancing_vbr.mp3,https://archive.org/download/miga04/02_Dancing_vbr.mp3,https://archive.org/details/miga04,http://creativecommons.org/licenses/by-nc-sa/2.5/,happy-upbeat-instrumental
archive-delta_waves_ucog-1-delta_waves_ucog_01_foryoursmile-mp3-mp3,delta_waves_ucog,delta_waves_ucog_01_foryoursmile.mp3.mp3,for your smile,delta waves,delta waves - under clouds over ground (emp005),relaxed,0.7056,0.3952,0.9,0.04,0.3957,297670,0.9,internet_archive_metadata_query,https://archive.org/download/delta_waves_ucog/delta_waves_ucog_01_foryoursmile.mp3.mp3,https://archive.org/download/delta_waves_ucog/delta_waves_ucog_01_foryoursmile.mp3.mp3,https://archive.org/details/delta_waves_ucog,http://creativecommons.org/licenses/by-nc-sa/3.0/,relaxed-calm-instrumental
archive-delta_waves_ucog-2-delta_waves_ucog_02_breezeway-mp3-mp3,delta_waves_ucog,delta_waves_ucog_02_breezeway.mp3.mp3,breeze way,delta waves,delta waves - under clouds over ground (emp005),relaxed,0.7056,0.3952,0.9,0.04,0.3957,309210,0.9,internet_archive_metadata_query,https://archive.org/download/delta_waves_ucog/delta_waves_ucog_02_breezeway.mp3.mp3,https://archive.org/download/delta_waves_ucog/delta_waves_ucog_02_breezeway.mp3.mp3,https://archive.org/details/delta_waves_ucog,http://creativecommons.org/licenses/by-nc-sa/3.0/,relaxed-calm-instrumental
archive-ca100_blob-1-01_Lunar_Landing-mp3,ca100_blob,01_Lunar_Landing.mp3,Lunar Landing,BLOB,BLOB - Halloween (ca100),tense,0.3916,0.7112,0.9,0.04,0.5541,114540,0.76,internet_archive_metadata_query,https://archive.org/download/ca100_blob/01_Lunar_Landing.mp3,https://archive.org/download/ca100_blob/01_Lunar_Landing.mp3,https://archive.org/details/ca100_blob,http://creativecommons.org/licenses/by-nc-nd/3.0/,tense-dark-instrumental
archive-ca100_blob-2-02_Dog-mp3,ca100_blob,02_Dog.mp3,Dog,BLOB,BLOB - Halloween (ca100),tense,0.3916,0.7112,0.9,0.04,0.5541,259890,0.76,internet_archive_metadata_query,https://archive.org/download/ca100_blob/02_Dog.mp3,https://archive.org/download/ca100_blob/02_Dog.mp3,https://archive.org/details/ca100_blob,http://creativecommons.org/licenses/by-nc-nd/3.0/,tense-dark-instrumental
archive-rb059-1-01-des_espaces_sans_nom-mp3,rb059,01-des_espaces_sans_nom.mp3,des espaces sans nom,sylvie walder & entia non,sylvie walder & entia non - bewilderment,sad_low,0.372,0.3032,0.9,0.04,0.2731,394640,0.76,internet_archive_metadata_query,https://archive.org/download/rb059/01-des_espaces_sans_nom.mp3,https://archive.org/download/rb059/01-des_espaces_sans_nom.mp3,https://archive.org/details/rb059,http://creativecommons.org/licenses/by-nc-nd/3.0/,sad-melancholic-instrumental
archive-rb059-2-02-un_soir_d_octobre-mp3,rb059,02-un_soir_d_octobre.mp3,un soir d'octobre,sylvie walder & entia non,sylvie walder & entia non - bewilderment,sad_low,0.372,0.3032,0.9,0.04,0.2731,511040,0.76,internet_archive_metadata_query,https://archive.org/download/rb059/02-un_soir_d_octobre.mp3,https://archive.org/download/rb059/02-un_soir_d_octobre.mp3,https://archive.org/details/rb059,http://creativecommons.org/licenses/by-nc-nd/3.0/,sad-melancholic-instrumental
archive-12rec-054-1-The_Sleeping_Tree_-_Leaves_And_Roots_-_01_Second_Leaf-mp3,12rec.054,The_Sleeping_Tree_-_Leaves_And_Roots_-_01_Second_Leaf.mp3,Second Leaf,The Sleeping Tree,The Sleeping Tree - Leaves and Roots [12rec.054],relaxed,0.57,0.4,0.9,0.04,0.3746,102870,0.62,internet_archive_metadata_query,https://archive.org/download/12rec.054/The_Sleeping_Tree_-_Leaves_And_Roots_-_01_Second_Leaf.mp3,https://archive.org/download/12rec.054/The_Sleeping_Tree_-_Leaves_And_Roots_-_01_Second_Leaf.mp3,https://archive.org/details/12rec.054,http://creativecommons.org/licenses/by-nc-sa/3.0/de/,broad-licensed-instrumental
archive-12rec-054-2-The_Sleeping_Tree_-_Leaves_And_Roots_-_02_Jah_will_is_my_destiny-mp3,12rec.054,The_Sleeping_Tree_-_Leaves_And_Roots_-_02_Jah_will_is_my_destiny.mp3,Jah will is my destiny,The Sleeping Tree,The Sleeping Tree - Leaves and Roots [12rec.054],relaxed,0.57,0.4,0.9,0.04,0.3746,188000,0.62,internet_archive_metadata_query,https://archive.org/download/12rec.054/The_Sleeping_Tree_-_Leaves_And_Roots_-_02_Jah_will_is_my_destiny.mp3,https://archive.org/download/12rec.054/The_Sleeping_Tree_-_Leaves_And_Roots_-_02_Jah_will_is_my_destiny.mp3,https://archive.org/details/12rec.054,http://creativecommons.org/licenses/by-nc-sa/3.0/de/,broad-licensed-instrumental
archive-csr025-1-csr025_okapi_2_bah-mp3,csr025,csr025_okapi_2_bah.mp3,Bah!,Okapi,Okapi - Bah! [csr025],happy,0.802,0.6936,0.9,0.04,0.616,214010,0.9,internet_archive_metadata_query,https://archive.org/download/csr025/csr025_okapi_2_bah.mp3,https://archive.org/download/csr025/csr025_okapi_2_bah.mp3,https://archive.org/details/csr025,http://creativecommons.org/licenses/by-nc/1.0/,happy-upbeat-instrumental
archive-csr025-2-csr025_okapi_3_dalek-vs-zu-vs-okapi_remix-vs-remix-mp3,csr025,csr025_okapi_3_dalek-vs-zu-vs-okapi_remix-vs-remix.mp3,Dalek v/s Zu v/s Okapi,Zu v/s Okapi,Okapi - Bah! [csr025],happy,0.802,0.6936,0.9,0.04,0.616,218700,0.9,internet_archive_metadata_query,https://archive.org/download/csr025/csr025_okapi_3_dalek-vs-zu-vs-okapi_remix-vs-remix.mp3,https://archive.org/download/csr025/csr025_okapi_3_dalek-vs-zu-vs-okapi_remix-vs-remix.mp3,https://archive.org/details/csr025,http://creativecommons.org/licenses/by-nc/1.0/,happy-upbeat-instrumental
archive-45rpm0462011AlexeyKarpov-Lorca-1-01_Las_Morillas_De_Jaen-mp3,45rpm0462011AlexeyKarpov-Lorca,01_Las_Morillas_De_Jaen.mp3,Las Morillas De Jaen,Alexey Karpov,[45rpm046/2011] Alexey Karpov - Lorca,relaxed,0.7056,0.2728,0.9,0.04,0.3125,230220,0.9,internet_archive_metadata_query,https://archive.org/download/45rpm0462011AlexeyKarpov-Lorca/01_Las_Morillas_De_Jaen.mp3,https://archive.org/download/45rpm0462011AlexeyKarpov-Lorca/01_Las_Morillas_De_Jaen.mp3,https://archive.org/details/45rpm0462011AlexeyKarpov-Lorca,http://creativecommons.org/licenses/by-nc-nd/3.0/,relaxed-calm-instrumental
archive-45rpm0462011AlexeyKarpov-Lorca-2-02_Zorongo_Gitano-mp3,45rpm0462011AlexeyKarpov-Lorca,02_Zorongo_Gitano.mp3,Zorongo Gitano,Alexey Karpov,[45rpm046/2011] Alexey Karpov - Lorca,relaxed,0.7056,0.2728,0.9,0.04,0.3125,167340,0.9,internet_archive_metadata_query,https://archive.org/download/45rpm0462011AlexeyKarpov-Lorca/02_Zorongo_Gitano.mp3,https://archive.org/download/45rpm0462011AlexeyKarpov-Lorca/02_Zorongo_Gitano.mp3,https://archive.org/details/45rpm0462011AlexeyKarpov-Lorca,http://creativecommons.org/licenses/by-nc-nd/3.0/,relaxed-calm-instrumental
archive-abideserene-1-AbideSerene-0001-01Autograph-mp3,abideserene,AbideSerene-0001-01Autograph.mp3,Abide Serene - 0001 - 01 autograph,Abide Serene,Abide Serene,sad_low,0.3972,0.296,0.9,0.04,0.2728,270680,0.9,internet_archive_metadata_query,https://archive.org/download/abideserene/AbideSerene-0001-01Autograph.mp3,https://archive.org/download/abideserene/AbideSerene-0001-01Autograph.mp3,https://archive.org/details/abideserene,http://creativecommons.org/licenses/by-nc-sa/3.0/,sad-melancholic-instrumental
archive-abideserene-2-AbideSerene-0001-02CloverHill-mp3,abideserene,AbideSerene-0001-02CloverHill.mp3,Abide Serene - 0001 - 02 clover hill,Abide Serene,Abide Serene,sad_low,0.3972,0.296,0.9,0.04,0.2728,323110,0.9,internet_archive_metadata_query,https://archive.org/download/abideserene/AbideSerene-0001-02CloverHill.mp3,https://archive.org/download/abideserene/AbideSerene-0001-02CloverHill.mp3,https://archive.org/details/abideserene,http://creativecommons.org/licenses/by-nc-sa/3.0/,sad-melancholic-instrumental
archive-rb093-1-01-De_los_Molles_al_rincon_del_Coya-mp3,rb093,01-De_los_Molles_al_rincon_del_Coya.mp3,De los Molles al rincón del Coya,moji moji,moji moji - N,relaxed,0.59,0.48,0.9,0.04,0.4326,479210,0.56,internet_archive_metadata_query,https://archive.org/download/rb093/01-De_los_Molles_al_rincon_del_Coya.mp3,https://archive.org/download/rb093/01-De_los_Molles_al_rincon_del_Coya.mp3,https://archive.org/details/rb093,http://creativecommons.org/licenses/by-nc-nd/3.0/,broad-licensed-instrumental
archive-rb093-2-02-El_robot_de_San_Francisco_Solano_senala_el_sendero_del_cielo_y_la_disciplina_terrenal-mp3,rb093,02-El_robot_de_San_Francisco_Solano_senala_el_sendero_del_cielo_y_la_disciplina_terrenal.mp3,El robot de San Francisco Solano señala el sendero del cielo y la disciplina terrenal,moji moji,moji moji - N,relaxed,0.59,0.48,0.9,0.04,0.4326,282170,0.56,internet_archive_metadata_query,https://archive.org/download/rb093/02-El_robot_de_San_Francisco_Solano_senala_el_sendero_del_cielo_y_la_disciplina_terrenal.mp3,https://archive.org/download/rb093/02-El_robot_de_San_Francisco_Solano_senala_el_sendero_del_cielo_y_la_disciplina_terrenal.mp3,https://archive.org/details/rb093,http://creativecommons.org/licenses/by-nc-nd/3.0/,broad-licensed-instrumental
archive-WM067-1-WM067-01Gorowski-basininmyhome-mp3,WM067,WM067-01Gorowski-basininmyhome.mp3,basin in my home,Gorowski,Gorowski - Simulators can [WM067],happy,0.7372,0.7368,0.9,0.04,0.6337,360070,0.76,internet_archive_metadata_query,https://archive.org/download/WM067/WM067-01Gorowski-basininmyhome.mp3,https://archive.org/download/WM067/WM067-01Gorowski-basininmyhome.mp3,https://archive.org/details/WM067,http://creativecommons.org/licenses/by-nc-sa/3.0/,happy-upbeat-instrumental
archive-WM067-2-WM067-04Gorowskipolishdream-mp3,WM067,WM067-04Gorowskipolishdream.mp3,polish dream,Gorowski,Gorowski - Simulators can [WM067],happy,0.7372,0.7368,0.9,0.04,0.6337,384730,0.76,internet_archive_metadata_query,https://archive.org/download/WM067/WM067-04Gorowskipolishdream.mp3,https://archive.org/download/WM067/WM067-04Gorowskipolishdream.mp3,https://archive.org/details/WM067,http://creativecommons.org/licenses/by-nc-sa/3.0/,happy-upbeat-instrumental
archive-TFR167-Cryptomnesia-PrimordialOddity-1-01-TheGrandAwakening-mp3,TFR167-Cryptomnesia-PrimordialOddity,01-TheGrandAwakening.mp3,01 - The Grand Awakening,Cryptomnesia,TFR167 - Cryptomnesia - Primordial Oddity,relaxed,0.6408,0.352,0.9,0.04,0.3547,111160,0.7,internet_archive_metadata_query,https://archive.org/download/TFR167-Cryptomnesia-PrimordialOddity/01-TheGrandAwakening.mp3,https://archive.org/download/TFR167-Cryptomnesia-PrimordialOddity/01-TheGrandAwakening.mp3,https://archive.org/details/TFR167-Cryptomnesia-PrimordialOddity,http://creativecommons.org/licenses/by-nc-nd/3.0/,relaxed-calm-instrumental
