id,trackGenre,trackGenreLabel,title,artist,popularity,valence,energy,quadrant,spotifyId,youtubeVideoId,youtubeUrl,youtubeSearchUrl
spotify-1BncfTJAWxrsxyT9culBrj,ambient,Ambient,Experience,"Ludovico Einaudi, Daniel Hope, I Virtuosi Italiani",79,0.036,0.449,sad_low,1BncfTJAWxrsxyT9culBrj,1e9B31FLT-s,https://www.youtube.com/watch?v=1e9B31FLT-s,https://www.youtube.com/results?search_query=Ludovico%20Einaudi%2C%20Daniel%20Hope%2C%20I%20Virtuosi%20Italiani%20Experience%20official%20audio
spotify-2aJDlirz6v2a4HREki98cP,ambient,Ambient,Glue,Bicep,74,0.42,0.798,tense,2aJDlirz6v2a4HREki98cP,q5rliCxX8xc,https://www.youtube.com/watch?v=q5rliCxX8xc,https://www.youtube.com/results?search_query=Bicep%20Glue%20official%20audio
spotify-3weNRklVDqb4Rr5MhKBR3D,ambient,Ambient,Nuvole Bianche,Ludovico Einaudi,73,0.0454,0.0582,sad_low,3weNRklVDqb4Rr5MhKBR3D,sR2W2scFS4Y,https://www.youtube.com/watch?v=sR2W2scFS4Y,https://www.youtube.com/results?search_query=Ludovico%20Einaudi%20Nuvole%20Bianche%20official%20audio
spotify-14rZjW3RioG7WesZhYESso,ambient,Ambient,"Comptine d'un autre été, l'après-midi",Yann Tiersen,73,0.0542,0.192,sad_low,14rZjW3RioG7WesZhYESso,znfYwABeSZ0,https://www.youtube.com/watch?v=znfYwABeSZ0,https://www.youtube.com/results?search_query=Yann%20Tiersen%20Comptine%20d'un%20autre%20%C3%A9t%C3%A9%2C%20l'apr%C3%A8s-midi%20official%20audio
spotify-0Dkibk70FDp6t7eOZNemNQ,ambient,Ambient,Una Mattina,Ludovico Einaudi,70,0.07,0.0297,sad_low,0Dkibk70FDp6t7eOZNemNQ,IukERq7ROO4,https://www.youtube.com/watch?v=IukERq7ROO4,https://www.youtube.com/results?search_query=Ludovico%20Einaudi%20Una%20Mattina%20official%20audio
spotify-2agBDIr9MYDUducQPC1sFU,piano,Piano,River Flows In You,Yiruma,71,0.116,0.22,sad_low,2agBDIr9MYDUducQPC1sFU,92IlKBhKbWM,https://www.youtube.com/watch?v=92IlKBhKbWM,https://www.youtube.com/results?search_query=Yiruma%20River%20Flows%20In%20You%20official%20audio
spotify-2p5THyuNwpJ9c7ex3TN383,piano,Piano,Nowesind,Jacob David,70,0.318,0.0902,sad_low,2p5THyuNwpJ9c7ex3TN383,Em2sd4J2Snc,https://www.youtube.com/watch?v=Em2sd4J2Snc,https://www.youtube.com/results?search_query=Jacob%20David%20Nowesind%20official%20audio
spotify-2bjQvSk5T3A2dmnqqeRhzI,piano,Piano,Saying Things,Emanuel Fremont,70,0.0631,0.0381,sad_low,2bjQvSk5T3A2dmnqqeRhzI,3FqLaXr8Isc,https://www.youtube.com/watch?v=3FqLaXr8Isc,https://www.youtube.com/results?search_query=Emanuel%20Fremont%20Saying%20Things%20official%20audio
spotify-2XPxkVgxyj4QVaW78kS5vb,piano,Piano,Estelle,Doris Casella,69,0.151,0.0575,sad_low,2XPxkVgxyj4QVaW78kS5vb,_R8iJqVkADU,https://www.youtube.com/watch?v=_R8iJqVkADU,https://www.youtube.com/results?search_query=Doris%20Casella%20Estelle%20official%20audio
spotify-3VM35337X7Ro1tesUHnZ95,piano,Piano,Quand vous souriez,Libor Kolman,69,0.308,0.059,sad_low,3VM35337X7Ro1tesUHnZ95,T0Bw9lvR3lo,https://www.youtube.com/watch?v=T0Bw9lvR3lo,https://www.youtube.com/results?search_query=Libor%20Kolman%20Quand%20vous%20souriez%20official%20audio
spotify-0jOnZhF75V68VsBObWx2XO,classical,Classical,"The Carnival of the Animals, R. 125: XIII. The Swan (Arr. for Cello and Piano)","Camille Saint-Saëns, Yo-Yo Ma, Kathryn Stott",70,0.0573,0.0161,sad_low,0jOnZhF75V68VsBObWx2XO,3FOnCRhTM8k,https://www.youtube.com/watch?v=3FOnCRhTM8k,https://www.youtube.com/results?search_query=Camille%20Saint-Sa%C3%ABns%2C%20Yo-Yo%20Ma%2C%20Kathryn%20Stott%20The%20Carnival%20of%20the%20Animals%2C%20R.%20125%3A%20XIII.%20The%20Swan%20(Arr.%20for%20Cello%20and%20Piano)%20official%20audio
spotify-3DNRdudZ2SstnDCVKFdXxG,classical,Classical,"Sonata No. 14 ""Moonlight"" in C-Sharp Minor"", Op. 27 No. 2: I. Adagio sostenuto","Ludwig van Beethoven, Paul Lewis",69,0.151,0.00527,sad_low,3DNRdudZ2SstnDCVKFdXxG,9EGdL_P2iXE,https://www.youtube.com/watch?v=9EGdL_P2iXE,https://www.youtube.com/results?search_query=Ludwig%20van%20Beethoven%2C%20Paul%20Lewis%20Sonata%20No.%2014%20%22Moonlight%22%20in%20C-Sharp%20Minor%22%2C%20Op.%2027%20No.%202%3A%20I.%20Adagio%20sostenuto%20official%20audio
spotify-2m2GJpBjQNNphaCgBeoj7R,classical,Classical,Fracture,Stephan Moccio,69,0.126,0.0186,sad_low,2m2GJpBjQNNphaCgBeoj7R,hYH80WGPet8,https://www.youtube.com/watch?v=hYH80WGPet8,https://www.youtube.com/results?search_query=Stephan%20Moccio%20Fracture%20official%20audio
spotify-5u5aVJKjSMJr4zesMPz7bL,classical,Classical,"Clair de Lune, L. 32","Claude Debussy, Martin Jones",68,0.0397,0.00532,sad_low,5u5aVJKjSMJr4zesMPz7bL,X-Xxqt6Xdio,https://www.youtube.com/watch?v=X-Xxqt6Xdio,https://www.youtube.com/results?search_query=Claude%20Debussy%2C%20Martin%20Jones%20Clair%20de%20Lune%2C%20L.%2032%20official%20audio
spotify-1VNvsvEsUpuUCbHpVop1vo,classical,Classical,"Nocturne No. 2 in E-Flat Major, Op. 9 No. 2","Frédéric Chopin, Daniel Barenboim",67,0.0929,0.00919,sad_low,1VNvsvEsUpuUCbHpVop1vo,bVeOdm-29pU,https://www.youtube.com/watch?v=bVeOdm-29pU,https://www.youtube.com/results?search_query=Fr%C3%A9d%C3%A9ric%20Chopin%2C%20Daniel%20Barenboim%20Nocturne%20No.%202%20in%20E-Flat%20Major%2C%20Op.%209%20No.%202%20official%20audio
spotify-4pTkDIlpFNoeWbahu8pVXW,electronic,Electronic,Shootout,"Izzamuzzic, Julien Marchal",78,0.553,0.578,happy,4pTkDIlpFNoeWbahu8pVXW,eIoZxhBKA7c,https://www.youtube.com/watch?v=eIoZxhBKA7c,https://www.youtube.com/results?search_query=Izzamuzzic%2C%20Julien%20Marchal%20Shootout%20official%20audio
spotify-3r44Otr6SVUja3SYsCuhVY,electronic,Electronic,Shootout (Sped Up),"Izzamuzzic, Julien Marchal",76,0.768,0.605,happy,3r44Otr6SVUja3SYsCuhVY,5SiMz9oq9Ik,https://www.youtube.com/watch?v=5SiMz9oq9Ik,https://www.youtube.com/results?search_query=Izzamuzzic%2C%20Julien%20Marchal%20Shootout%20(Sped%20Up)%20official%20audio
spotify-4IsHMzDbRE8q5Z4ALsQj3o,electronic,Electronic,Sky and Sand,"Paul Kalkbrenner, Fritz Kalkbrenner",68,0.526,0.329,relaxed,4IsHMzDbRE8q5Z4ALsQj3o,8ybFb_wKlvQ,https://www.youtube.com/watch?v=8ybFb_wKlvQ,https://www.youtube.com/results?search_query=Paul%20Kalkbrenner%2C%20Fritz%20Kalkbrenner%20Sky%20and%20Sand%20official%20audio
spotify-2MddqD0MryxIAKS03raHsz,electronic,Electronic,You Wish,Nightmares On Wax,65,0.421,0.244,sad_low,2MddqD0MryxIAKS03raHsz,TwDOa-lvizM,https://www.youtube.com/watch?v=TwDOa-lvizM,https://www.youtube.com/results?search_query=Nightmares%20On%20Wax%20You%20Wish%20official%20audio
spotify-2MZSXhq4XDJWu6coGoXX1V,electronic,Electronic,Avril 14th,Aphex Twin,64,0.37,0.0259,sad_low,2MZSXhq4XDJWu6coGoXX1V,uxTdTaNIUxo,https://www.youtube.com/watch?v=uxTdTaNIUxo,https://www.youtube.com/results?search_query=Aphex%20Twin%20Avril%2014th%20official%20audio
spotify-0ytvsZOerGzUWfHXVT2Sgy,chill,Chill,Eternal Youth,RŮDE,71,0.0454,0.487,sad_low,0ytvsZOerGzUWfHXVT2Sgy,W6hasdx4a1I,https://www.youtube.com/watch?v=W6hasdx4a1I,https://www.youtube.com/results?search_query=R%C5%AEDE%20Eternal%20Youth%20official%20audio
spotify-6IaSUc4wx1rzo8lGs4KOot,chill,Chill,School Rooftop - Slowed Down Version,"Hisohkah, WMD",68,0.231,0.255,sad_low,6IaSUc4wx1rzo8lGs4KOot,UCZmjIVNByU,https://www.youtube.com/watch?v=UCZmjIVNByU,https://www.youtube.com/results?search_query=Hisohkah%2C%20WMD%20School%20Rooftop%20-%20Slowed%20Down%20Version%20official%20audio
spotify-4qDHt2ClApBBzDAvhNGWFd,chill,Chill,Crab Rave,Noisestorm,67,0.245,0.933,tense,4qDHt2ClApBBzDAvhNGWFd,cE0wfjsybIQ,https://www.youtube.com/watch?v=cE0wfjsybIQ,https://www.youtube.com/results?search_query=Noisestorm%20Crab%20Rave%20official%20audio
spotify-2zhPy8zbBf53XgTtkEbnbO,chill,Chill,Oblivion,"Rufi-O, Lily Potter",66,0.685,0.131,relaxed,2zhPy8zbBf53XgTtkEbnbO,l0Nat5LK8yI,https://www.youtube.com/watch?v=l0Nat5LK8yI,https://www.youtube.com/results?search_query=Rufi-O%2C%20Lily%20Potter%20Oblivion%20official%20audio
spotify-6ZwTqNc7Ln6Dhn5UKNZJHy,chill,Chill,Losing Interest - Slowed Version,boy in skirt,65,0.166,0.0617,sad_low,6ZwTqNc7Ln6Dhn5UKNZJHy,HoOgOKl9VYE,https://www.youtube.com/watch?v=HoOgOKl9VYE,https://www.youtube.com/results?search_query=boy%20in%20skirt%20Losing%20Interest%20-%20Slowed%20Version%20official%20audio
spotify-3jNkhv4Hn6MnogaKf6qJMk,study,Study,Distractions,Timothy Infinite,55,0.284,0.41,sad_low,3jNkhv4Hn6MnogaKf6qJMk,qy9oIQw7jfo,https://www.youtube.com/watch?v=qy9oIQw7jfo,https://www.youtube.com/results?search_query=Timothy%20Infinite%20Distractions%20official%20audio
spotify-0CQq9NEFcGNi3FMxpMKwj4,study,Study,Shoreditch,Clint Is Quinn,55,0.396,0.105,sad_low,0CQq9NEFcGNi3FMxpMKwj4,FCALFtrW01o,https://www.youtube.com/watch?v=FCALFtrW01o,https://www.youtube.com/results?search_query=Clint%20Is%20Quinn%20Shoreditch%20official%20audio
spotify-0tL9E43q9uXQftXBeZMM8D,study,Study,Skin Tone,Timothy Infinite,54,0.197,0.484,sad_low,0tL9E43q9uXQftXBeZMM8D,SUmyXsuqCXw,https://www.youtube.com/watch?v=SUmyXsuqCXw,https://www.youtube.com/results?search_query=Timothy%20Infinite%20Skin%20Tone%20official%20audio
spotify-1oQt6kTiuPsQEFaHWFH6Pl,study,Study,Neon Tapestries,Dusty Decks,53,0.44,0.155,sad_low,1oQt6kTiuPsQEFaHWFH6Pl,M4iZEkht1LA,https://www.youtube.com/watch?v=M4iZEkht1LA,https://www.youtube.com/results?search_query=Dusty%20Decks%20Neon%20Tapestries%20official%20audio
spotify-0PMlGvzeLrQ27h8oGyfGMV,study,Study,After Surf Sandwich,Breakfast For Brunch,52,0.324,0.357,sad_low,0PMlGvzeLrQ27h8oGyfGMV,DcHuXUpXo6c,https://www.youtube.com/watch?v=DcHuXUpXo6c,https://www.youtube.com/results?search_query=Breakfast%20For%20Brunch%20After%20Surf%20Sandwich%20official%20audio
spotify-0CMYUXTTTmI6Lwc0opH2XG,sleep,Sleep,Herinneringen,Sohn Aelia,74,0.0581,0.00342,sad_low,0CMYUXTTTmI6Lwc0opH2XG,NMZAAZ7FiOw,https://www.youtube.com/watch?v=NMZAAZ7FiOw,https://www.youtube.com/results?search_query=Sohn%20Aelia%20Herinneringen%20official%20audio
spotify-07UDTaRYJAsIhUZTyZSUzM,sleep,Sleep,Ons,Huma,71,0.0459,0.0185,sad_low,07UDTaRYJAsIhUZTyZSUzM,vwJRvtvr5fE,https://www.youtube.com/watch?v=vwJRvtvr5fE,https://www.youtube.com/results?search_query=Huma%20Ons%20official%20audio
spotify-5LEHlRPjGcZ5RdagAwXpHS,sleep,Sleep,Beautiful Imagination,Little Circuits,71,0.0591,0.0333,sad_low,5LEHlRPjGcZ5RdagAwXpHS,RPi2eAzjLxk,https://www.youtube.com/watch?v=RPi2eAzjLxk,https://www.youtube.com/results?search_query=Little%20Circuits%20Beautiful%20Imagination%20official%20audio
spotify-48UNHWGzRfk4AOKrCJM7XJ,sleep,Sleep,I et andet liv,Minik Knudsen,70,0.111,0.00769,sad_low,48UNHWGzRfk4AOKrCJM7XJ,gvmtM02_l6U,https://www.youtube.com/watch?v=gvmtM02_l6U,https://www.youtube.com/results?search_query=Minik%20Knudsen%20I%20et%20andet%20liv%20official%20audio
spotify-13CYT9XLC54qtyg0U8aqb7,sleep,Sleep,Hush,Yonatan Awate,69,0.0689,0.00935,sad_low,13CYT9XLC54qtyg0U8aqb7,CpT0XGVsjKk,https://www.youtube.com/watch?v=CpT0XGVsjKk,https://www.youtube.com/results?search_query=Yonatan%20Awate%20Hush%20official%20audio
spotify-7vd1j4IDTU0koES9M8dvBQ,new-age,New Age,Kiss The Rain,Yiruma,61,0.182,0.0519,sad_low,7vd1j4IDTU0koES9M8dvBQ,wDl4MSJ_1Kc,https://www.youtube.com/watch?v=wDl4MSJ_1Kc,https://www.youtube.com/results?search_query=Yiruma%20Kiss%20The%20Rain%20official%20audio
spotify-1jcQ040aWKeiUGJ2IcnFtV,new-age,New Age,Sunset Bird,Yiruma,60,0.0414,0.191,sad_low,1jcQ040aWKeiUGJ2IcnFtV,abqtXkTJrG0,https://www.youtube.com/watch?v=abqtXkTJrG0,https://www.youtube.com/results?search_query=Yiruma%20Sunset%20Bird%20official%20audio
spotify-5pSxOv6lbvdz2fddSUPdSA,new-age,New Age,Song From A Secret Garden,Secret Garden,58,0.094,0.303,sad_low,5pSxOv6lbvdz2fddSUPdSA,Cxs3RClv-8g,https://www.youtube.com/watch?v=Cxs3RClv-8g,https://www.youtube.com/results?search_query=Secret%20Garden%20Song%20From%20A%20Secret%20Garden%20official%20audio
spotify-02xd7yuAEiLOF7rt4zlPep,new-age,New Age,River Flows in You - Orchestra Version,Yiruma,57,0.0398,0.201,sad_low,02xd7yuAEiLOF7rt4zlPep,axiZSrjgkMI,https://www.youtube.com/watch?v=axiZSrjgkMI,https://www.youtube.com/results?search_query=Yiruma%20River%20Flows%20in%20You%20-%20Orchestra%20Version%20official%20audio
spotify-1rpF77jsLBMG2QjCuhe0Sr,new-age,New Age,We Contain Multitudes — piano reworks,"Yiruma, Ólafur Arnalds",57,0.285,0.0287,sad_low,1rpF77jsLBMG2QjCuhe0Sr,mmVpvtzU2bI,https://www.youtube.com/watch?v=mmVpvtzU2bI,https://www.youtube.com/results?search_query=Yiruma%2C%20%C3%93lafur%20Arnalds%20We%20Contain%20Multitudes%20%E2%80%94%20piano%20reworks%20official%20audio
spotify-1m3BAsNsQAaSNMD2M6vlKY,guitar,Guitar,Breezin',George Benson,60,0.964,0.752,happy,1m3BAsNsQAaSNMD2M6vlKY,zgxL-khJ--Q,https://www.youtube.com/watch?v=zgxL-khJ--Q,https://www.youtube.com/results?search_query=George%20Benson%20Breezin'%20official%20audio
spotify-1PINN6x0Riouab3wPSglpp,guitar,Guitar,An Idea,"Leo Brouwer, Zsófia Boros",58,0.173,0.00785,sad_low,1PINN6x0Riouab3wPSglpp,NmDfgEgfiOE,https://www.youtube.com/watch?v=NmDfgEgfiOE,https://www.youtube.com/results?search_query=Leo%20Brouwer%2C%20Zs%C3%B3fia%20Boros%20An%20Idea%20official%20audio
spotify-4WO5q4gmBiPJbv2xqVDADE,guitar,Guitar,Entre Dos Aguas - Remastered 2014,Paco de Lucía,58,0.919,0.917,happy,4WO5q4gmBiPJbv2xqVDADE,0vq3qZwaXrw,https://www.youtube.com/watch?v=0vq3qZwaXrw,https://www.youtube.com/results?search_query=Paco%20de%20Luc%C3%ADa%20Entre%20Dos%20Aguas%20-%20Remastered%202014%20official%20audio
spotify-4jXvLe7ERO8yIYETDZGU0m,guitar,Guitar,Brookline,Finlep,56,0.13,0.11,sad_low,4jXvLe7ERO8yIYETDZGU0m,JBP-f3TUBcc,https://www.youtube.com/watch?v=JBP-f3TUBcc,https://www.youtube.com/results?search_query=Finlep%20Brookline%20official%20audio
spotify-5TmKvbzD7zEbZLNfhAHTar,guitar,Guitar,Where We Are,Project AER,56,0.0432,0.147,sad_low,5TmKvbzD7zEbZLNfhAHTar,1zmOvW-LTP8,https://www.youtube.com/watch?v=1zmOvW-LTP8,https://www.youtube.com/results?search_query=Project%20AER%20Where%20We%20Are%20official%20audio
spotify-5krhFNgUcYHwXlNPJJYzFM,techno,Techno,Tell Me Something Good,Ewan McVicar,67,0.961,0.796,happy,5krhFNgUcYHwXlNPJJYzFM,yA_KCHCkwCo,https://www.youtube.com/watch?v=yA_KCHCkwCo,https://www.youtube.com/results?search_query=Ewan%20McVicar%20Tell%20Me%20Something%20Good%20official%20audio
spotify-1CgbwsrNDlFrRuk2ebQ7zr,techno,Techno,9Pm (Till I Come),ATB,64,0.754,0.941,happy,1CgbwsrNDlFrRuk2ebQ7zr,QFGMQZyvnmY,https://www.youtube.com/watch?v=QFGMQZyvnmY,https://www.youtube.com/results?search_query=ATB%209Pm%20(Till%20I%20Come)%20official%20audio
spotify-7g8cjrj0sXScNE727685JE,techno,Techno,"Kernkraft 400 - DJ Gius Mix, Radio Edit",Zombie Nation,64,0.297,0.528,tense,7g8cjrj0sXScNE727685JE,hjexeNExXKU,https://www.youtube.com/watch?v=hjexeNExXKU,https://www.youtube.com/results?search_query=Zombie%20Nation%20Kernkraft%20400%20-%20DJ%20Gius%20Mix%2C%20Radio%20Edit%20official%20audio
spotify-1kMObCQiYe5opqybH7ZNPD,techno,Techno,Rave - Remix,"Sam Paganini, Adam Beyer, Layton Giordani",60,0.266,0.627,tense,1kMObCQiYe5opqybH7ZNPD,j8fOdfNe3xQ,https://www.youtube.com/watch?v=j8fOdfNe3xQ,https://www.youtube.com/results?search_query=Sam%20Paganini%2C%20Adam%20Beyer%2C%20Layton%20Giordani%20Rave%20-%20Remix%20official%20audio
spotify-77cHi3HzlrS8XDgue2WT8y,techno,Techno,Porto,Worakls,60,0.19,0.713,tense,77cHi3HzlrS8XDgue2WT8y,CVZG8yhieXY,https://www.youtube.com/watch?v=CVZG8yhieXY,https://www.youtube.com/results?search_query=Worakls%20Porto%20official%20audio
spotify-0gtZ8DwXXeqGTc09iFWRBv,deep-house,Deep House,Crank,James Hype,61,0.325,0.906,tense,0gtZ8DwXXeqGTc09iFWRBv,1mpzwUGtIik,https://www.youtube.com/watch?v=1mpzwUGtIik,https://www.youtube.com/results?search_query=James%20Hype%20Crank%20official%20audio
spotify-3RiRFyvasDtAv8n0AQUKFG,deep-house,Deep House,Feel My Needs - Purple Disco Machine Remix,"WEISS, Purple Disco Machine",60,0.903,0.896,happy,3RiRFyvasDtAv8n0AQUKFG,U1i6t4d90WM,https://www.youtube.com/watch?v=U1i6t4d90WM,https://www.youtube.com/results?search_query=WEISS%2C%20Purple%20Disco%20Machine%20Feel%20My%20Needs%20-%20Purple%20Disco%20Machine%20Remix%20official%20audio
spotify-0AQ1twwDGVlIVpcHDkGkXD,deep-house,Deep House,Sleepless,D.O.D,60,0.644,0.717,happy,0AQ1twwDGVlIVpcHDkGkXD,t5Da9RjQDgM,https://www.youtube.com/watch?v=t5Da9RjQDgM,https://www.youtube.com/results?search_query=D.O.D%20Sleepless%20official%20audio
spotify-3je1VcyoT3FEH6AbttouZj,deep-house,Deep House,Saving My Love,Chris Malinchak,59,0.0908,0.518,tense,3je1VcyoT3FEH6AbttouZj,TK_wXL0g134,https://www.youtube.com/watch?v=TK_wXL0g134,https://www.youtube.com/results?search_query=Chris%20Malinchak%20Saving%20My%20Love%20official%20audio
spotify-0f91Dvbc5tc6DN7e2QaNyC,deep-house,Deep House,Midsommar,Nora Van Elken,58,0.0406,0.615,tense,0f91Dvbc5tc6DN7e2QaNyC,ZDmWc1XQsOw,https://www.youtube.com/watch?v=ZDmWc1XQsOw,https://www.youtube.com/results?search_query=Nora%20Van%20Elken%20Midsommar%20official%20audio
spotify-3hWfKBt3n7j1xqIy6LA5ve,progressive-house,Progressive House,Astronomia,"Vicetone, Tony Igy",68,0.326,0.945,tense,3hWfKBt3n7j1xqIy6LA5ve,iLBBRuVDOo4,https://www.youtube.com/watch?v=iLBBRuVDOo4,https://www.youtube.com/results?search_query=Vicetone%2C%20Tony%20Igy%20Astronomia%20official%20audio
spotify-6LHXb1sGs72iTmpSr0603b,progressive-house,Progressive House,Something,"Martin Garrix, Breathe Carolina",63,0.152,0.939,tense,6LHXb1sGs72iTmpSr0603b,5V14PYSVRO0,https://www.youtube.com/watch?v=5V14PYSVRO0,https://www.youtube.com/results?search_query=Martin%20Garrix%2C%20Breathe%20Carolina%20Something%20official%20audio
spotify-5L8R2cyft2HfQ1IlfVAbcz,progressive-house,Progressive House,Salta,Sultan + Shepard,63,0.0768,0.604,tense,5L8R2cyft2HfQ1IlfVAbcz,0F5k421OBZk,https://www.youtube.com/watch?v=0F5k421OBZk,https://www.youtube.com/results?search_query=Sultan%20%2B%20Shepard%20Salta%20official%20audio
spotify-0VffaI2jwQknRrxpECYHsF,progressive-house,Progressive House,Greyhound,Swedish House Mafia,63,0.539,0.806,happy,0VffaI2jwQknRrxpECYHsF,hBRKSIj2tMc,https://www.youtube.com/watch?v=hBRKSIj2tMc,https://www.youtube.com/results?search_query=Swedish%20House%20Mafia%20Greyhound%20official%20audio
spotify-1M0hRg4ccFGMqi00ITrxNv,progressive-house,Progressive House,Switch Back,Quintino,61,0.183,0.925,tense,1M0hRg4ccFGMqi00ITrxNv,SnI47up0hfA,https://www.youtube.com/watch?v=SnI47up0hfA,https://www.youtube.com/results?search_query=Quintino%20Switch%20Back%20official%20audio
spotify-3AaGCSpUFAmtB1XGxz5IWk,trip-hop,Trip Hop,ATK,Bonobo,59,0.581,0.88,happy,3AaGCSpUFAmtB1XGxz5IWk,s39SDfB1iyQ,https://www.youtube.com/watch?v=s39SDfB1iyQ,https://www.youtube.com/results?search_query=Bonobo%20ATK%20official%20audio
spotify-2lJ4d8MCT6ZlDRHKJ1br14,trip-hop,Trip Hop,Cirrus,Bonobo,59,0.364,0.844,tense,2lJ4d8MCT6ZlDRHKJ1br14,WF34N4gJAKE,https://www.youtube.com/watch?v=WF34N4gJAKE,https://www.youtube.com/results?search_query=Bonobo%20Cirrus%20official%20audio
spotify-2XQSgmtEY2titXhfY414dy,trip-hop,Trip Hop,Roygbiv,Boards of Canada,59,0.118,0.521,tense,2XQSgmtEY2titXhfY414dy,SM4tQcUt_mQ,https://www.youtube.com/watch?v=SM4tQcUt_mQ,https://www.youtube.com/results?search_query=Boards%20of%20Canada%20Roygbiv%20official%20audio
spotify-7Cg3F9ZsZ2TYUnlza49NYh,trip-hop,Trip Hop,Kong,Bonobo,58,0.674,0.749,happy,7Cg3F9ZsZ2TYUnlza49NYh,pkACVyU4PmA,https://www.youtube.com/watch?v=pkACVyU4PmA,https://www.youtube.com/results?search_query=Bonobo%20Kong%20official%20audio
spotify-2knKUI1k57Q8Ox12Cxj8Pc,trip-hop,Trip Hop,All That We Perceive,Thievery Corporation,58,0.951,0.832,happy,2knKUI1k57Q8Ox12Cxj8Pc,eSRNzNF9rgM,https://www.youtube.com/watch?v=eSRNzNF9rgM,https://www.youtube.com/results?search_query=Thievery%20Corporation%20All%20That%20We%20Perceive%20official%20audio
spotify-1QIsVlaCz3U5GfsEJE9O8L,jazz,Jazz,Quiet Storm,Shierro,65,0.108,0.526,tense,1QIsVlaCz3U5GfsEJE9O8L,bb5hjeaKLxk,https://www.youtube.com/watch?v=bb5hjeaKLxk,https://www.youtube.com/results?search_query=Shierro%20Quiet%20Storm%20official%20audio
spotify-5Smmg9SpxnawbuYPKSNcmx,jazz,Jazz,Day Dream,Bill Charlap Trio,65,0.093,0.0951,sad_low,5Smmg9SpxnawbuYPKSNcmx,hld5v6lX448,https://www.youtube.com/watch?v=hld5v6lX448,https://www.youtube.com/results?search_query=Bill%20Charlap%20Trio%20Day%20Dream%20official%20audio
spotify-3jiTehDiPwfIxr9MHfPUvb,jazz,Jazz,The Beauty of Everyday Things,Hara Noda,65,0.0865,0.28,sad_low,3jiTehDiPwfIxr9MHfPUvb,5nPXgPullR0,https://www.youtube.com/watch?v=5nPXgPullR0,https://www.youtube.com/results?search_query=Hara%20Noda%20The%20Beauty%20of%20Everyday%20Things%20official%20audio
spotify-3ObWIAbtVhxTPguDsHT9vf,jazz,Jazz,Evening Silence,Three Four Trio,62,0.111,0.137,sad_low,3ObWIAbtVhxTPguDsHT9vf,nr-J7SNo9nI,https://www.youtube.com/watch?v=nr-J7SNo9nI,https://www.youtube.com/results?search_query=Three%20Four%20Trio%20Evening%20Silence%20official%20audio
spotify-7h8N0QlHxIEYfnHDVps8dS,jazz,Jazz,Nuit Douce,"Phlocalyst, Myríad",60,0.158,0.221,sad_low,7h8N0QlHxIEYfnHDVps8dS,62E_zCWwIl8,https://www.youtube.com/watch?v=62E_zCWwIl8,https://www.youtube.com/results?search_query=Phlocalyst%2C%20Myr%C3%ADad%20Nuit%20Douce%20official%20audio
spotify-12LOYGBr0T0IqyuhEILYFh,minimal-techno,Minimal Techno,La clé des champs,NTO,59,0.0401,0.526,tense,12LOYGBr0T0IqyuhEILYFh,qd_8mm906GA,https://www.youtube.com/watch?v=qd_8mm906GA,https://www.youtube.com/results?search_query=NTO%20La%20cl%C3%A9%20des%20champs%20official%20audio
spotify-4WyhOKXtCkNVcgfTBpYaxm,minimal-techno,Minimal Techno,Ronda,Christian Löffler,57,0.171,0.307,sad_low,4WyhOKXtCkNVcgfTBpYaxm,9gx3Ik-l6kc,https://www.youtube.com/watch?v=9gx3Ik-l6kc,https://www.youtube.com/results?search_query=Christian%20L%C3%B6ffler%20Ronda%20official%20audio
spotify-5esZWlW1SijQtw30OcWyUs,minimal-techno,Minimal Techno,Space Diver,Boris Brejcha,57,0.336,0.483,sad_low,5esZWlW1SijQtw30OcWyUs,YcFYsxhtrRQ,https://www.youtube.com/watch?v=YcFYsxhtrRQ,https://www.youtube.com/results?search_query=Boris%20Brejcha%20Space%20Diver%20official%20audio
spotify-4b67MDtD92iU5Rsys7yWgy,minimal-techno,Minimal Techno,Invisible - Piano Version,"NTO, Sofiane Pamart",57,0.17,0.365,sad_low,4b67MDtD92iU5Rsys7yWgy,SvV_YvC4iEw,https://www.youtube.com/watch?v=SvV_YvC4iEw,https://www.youtube.com/results?search_query=NTO%2C%20Sofiane%20Pamart%20Invisible%20-%20Piano%20Version%20official%20audio
spotify-1wpbmqF1IFW1W1Zut5aquK,minimal-techno,Minimal Techno,Domino - David Guetta Remix,"Oxia, David Guetta",56,0.0397,0.954,tense,1wpbmqF1IFW1W1Zut5aquK,4-OOLyj8oUs,https://www.youtube.com/watch?v=4-OOLyj8oUs,https://www.youtube.com/results?search_query=Oxia%2C%20David%20Guetta%20Domino%20-%20David%20Guetta%20Remix%20official%20audio
spotify-320ePMZ8X0ugeffZk0wNzY,idm,IDM,Dreamer's Wake,Rival Consoles,47,0.103,0.508,tense,320ePMZ8X0ugeffZk0wNzY,dVAQO6Fs2f0,https://www.youtube.com/watch?v=dVAQO6Fs2f0,https://www.youtube.com/results?search_query=Rival%20Consoles%20Dreamer's%20Wake%20official%20audio
spotify-3pAlKMwng8S0zlKL71glZD,idm,IDM,Odyssey,Rival Consoles,45,0.0457,0.611,tense,3pAlKMwng8S0zlKL71glZD,nQyBc6cR3GQ,https://www.youtube.com/watch?v=nQyBc6cR3GQ,https://www.youtube.com/results?search_query=Rival%20Consoles%20Odyssey%20official%20audio
spotify-0z7IeekUiNaQvmGQhsfJdl,idm,IDM,After the Rain - Piano Solo,Kyson,44,0.15,0.0971,sad_low,0z7IeekUiNaQvmGQhsfJdl,n6FCPp3PT8I,https://www.youtube.com/watch?v=n6FCPp3PT8I,https://www.youtube.com/results?search_query=Kyson%20After%20the%20Rain%20-%20Piano%20Solo%20official%20audio
spotify-75NSzNM87xKteVMHKzzGab,idm,IDM,Ken Tavr,Ishome,44,0.0693,0.427,sad_low,75NSzNM87xKteVMHKzzGab,qzZGaONeH2c,https://www.youtube.com/watch?v=qzZGaONeH2c,https://www.youtube.com/results?search_query=Ishome%20Ken%20Tavr%20official%20audio
spotify-1pbxHoGLKHD7jx4vMw5H2n,idm,IDM,Vision of Self,Rival Consoles,44,0.0519,0.389,sad_low,1pbxHoGLKHD7jx4vMw5H2n,dT2C-95gGBw,https://www.youtube.com/watch?v=dT2C-95gGBw,https://www.youtube.com/results?search_query=Rival%20Consoles%20Vision%20of%20Self%20official%20audio
spotify-6Sy9BUbgFse0n0LPA5lwy5,trance,Trance,Sandstorm,Darude,70,0.587,0.965,happy,6Sy9BUbgFse0n0LPA5lwy5,5Rk8u2FTaG0,https://www.youtube.com/watch?v=5Rk8u2FTaG0,https://www.youtube.com/results?search_query=Darude%20Sandstorm%20official%20audio
spotify-0TZL4krCFcuTlYZ8J9kcBX,trance,Trance,Greece 2000,Three Drives On A Vinyl,58,0.763,0.842,happy,0TZL4krCFcuTlYZ8J9kcBX,25BGvZ-SSro,https://www.youtube.com/watch?v=25BGvZ-SSro,https://www.youtube.com/results?search_query=Three%20Drives%20On%20A%20Vinyl%20Greece%202000%20official%20audio
spotify-0V6GWgubCBR8955ZWtJ4WR,trance,Trance,Choir Of Spirits,"Push, Joyhauser",56,0.187,0.701,tense,0V6GWgubCBR8955ZWtJ4WR,lOhVfy5Ohnw,https://www.youtube.com/watch?v=lOhVfy5Ohnw,https://www.youtube.com/results?search_query=Push%2C%20Joyhauser%20Choir%20Of%20Spirits%20official%20audio
spotify-1hChLdk0hBQbapbpVUVlNa,trance,Trance,Ayla Pt. 2,Ayla,56,0.269,0.893,tense,1hChLdk0hBQbapbpVUVlNa,zS6-o6qTr10,https://www.youtube.com/watch?v=zS6-o6qTr10,https://www.youtube.com/results?search_query=Ayla%20Ayla%20Pt.%202%20official%20audio
spotify-1ZJFc8isFWKXtN1BlE20fX,trance,Trance,Come Home,ALPHA 9,55,0.0361,0.827,tense,1ZJFc8isFWKXtN1BlE20fX,D_e6EcapXe0,https://www.youtube.com/watch?v=D_e6EcapXe0,https://www.youtube.com/results?search_query=ALPHA%209%20Come%20Home%20official%20audio
spotify-7C0PzxbsQx59DgGVRsquwJ,breakbeat,Breakbeat,Voodoo People - Pendulum Mix,"The Prodigy, Pendulum",55,0.533,0.96,happy,7C0PzxbsQx59DgGVRsquwJ,ZYCm2cUjU7Y,https://www.youtube.com/watch?v=ZYCm2cUjU7Y,https://www.youtube.com/results?search_query=The%20Prodigy%2C%20Pendulum%20Voodoo%20People%20-%20Pendulum%20Mix%20official%20audio
spotify-19mC6xktT1JyyycK6cQaXA,breakbeat,Breakbeat,Star Guitar,The Chemical Brothers,51,0.36,0.956,tense,19mC6xktT1JyyycK6cQaXA,0S43IwBF0uM,https://www.youtube.com/watch?v=0S43IwBF0uM,https://www.youtube.com/results?search_query=The%20Chemical%20Brothers%20Star%20Guitar%20official%20audio
spotify-0lOzGDHcPlUB1ZvXMWQ0Oh,breakbeat,Breakbeat,One Too Many Mornings,The Chemical Brothers,47,0.539,0.558,happy,0lOzGDHcPlUB1ZvXMWQ0Oh,wA-FVMPg49I,https://www.youtube.com/watch?v=wA-FVMPg49I,https://www.youtube.com/results?search_query=The%20Chemical%20Brothers%20One%20Too%20Many%20Mornings%20official%20audio
spotify-7isVtUtibpSO2eVSkSJcc6,breakbeat,Breakbeat,Zion,Fluke,46,0.0394,0.9,tense,7isVtUtibpSO2eVSkSJcc6,cFffoHmn8XA,https://www.youtube.com/watch?v=cFffoHmn8XA,https://www.youtube.com/results?search_query=Fluke%20Zion%20official%20audio
spotify-1HeCBrZd0A2ub1E8aeZJie,breakbeat,Breakbeat,Supermoves,Overseer,45,0.419,0.977,tense,1HeCBrZd0A2ub1E8aeZJie,MwZmPJFNVbw,https://www.youtube.com/watch?v=MwZmPJFNVbw,https://www.youtube.com/results?search_query=Overseer%20Supermoves%20official%20audio
spotify-4NGTWaZ2uM1eLyaRXfDApY,drum-and-bass,Drum and Bass,Back In Time VIP,"Kanine, A Little Sound",50,0.0967,0.984,tense,4NGTWaZ2uM1eLyaRXfDApY,_yDvc6jCtSs,https://www.youtube.com/watch?v=_yDvc6jCtSs,https://www.youtube.com/results?search_query=Kanine%2C%20A%20Little%20Sound%20Back%20In%20Time%20VIP%20official%20audio
spotify-0uryR2h5CovP64xlud4DGZ,drum-and-bass,Drum and Bass,Beautiful Lies,B-complex,49,0.124,0.903,tense,0uryR2h5CovP64xlud4DGZ,tzqw_Dqa0SU,https://www.youtube.com/watch?v=tzqw_Dqa0SU,https://www.youtube.com/results?search_query=B-complex%20Beautiful%20Lies%20official%20audio
spotify-7aYilD8vBLICtiJ7Pt6XLY,drum-and-bass,Drum and Bass,Rock It (Wilkinson Remix),"Sub Focus, Wilkinson",49,0.399,0.99,tense,7aYilD8vBLICtiJ7Pt6XLY,2p2BWpv0raI,https://www.youtube.com/watch?v=2p2BWpv0raI,https://www.youtube.com/results?search_query=Sub%20Focus%2C%20Wilkinson%20Rock%20It%20(Wilkinson%20Remix)%20official%20audio
spotify-6yZyQ2sDmelY3C6KesOYYL,drum-and-bass,Drum and Bass,Power,"Netsky, Urbandawn",48,0.358,0.92,tense,6yZyQ2sDmelY3C6KesOYYL,fwE3QI57rWE,https://www.youtube.com/watch?v=fwE3QI57rWE,https://www.youtube.com/results?search_query=Netsky%2C%20Urbandawn%20Power%20official%20audio
spotify-1tm7cZeRQFQsc2Nrpv8PYj,drum-and-bass,Drum and Bass,Driver,Pendulum,47,0.202,0.979,tense,1tm7cZeRQFQsc2Nrpv8PYj,O3FKMYBV01U,https://www.youtube.com/watch?v=O3FKMYBV01U,https://www.youtube.com/results?search_query=Pendulum%20Driver%20official%20audio
spotify-06ANCcAnZnK0x1KGmodioE,club,Club,In the 42nd Street,Absolute Valentine,56,0.639,0.79,happy,06ANCcAnZnK0x1KGmodioE,pxiOpZnbQgI,https://www.youtube.com/watch?v=pxiOpZnbQgI,https://www.youtube.com/results?search_query=Absolute%20Valentine%20In%20the%2042nd%20Street%20official%20audio
spotify-1ME8Thb5mDmBYTI3I5f3uJ,club,Club,Breathe,ZABO,55,0.202,0.547,tense,1ME8Thb5mDmBYTI3I5f3uJ,EkLkR35Sz7I,https://www.youtube.com/watch?v=EkLkR35Sz7I,https://www.youtube.com/results?search_query=ZABO%20Breathe%20official%20audio
spotify-2M4gBVSuTLI1GIcM9vL6DH,club,Club,Move Slow,One True God,52,0.295,0.794,tense,2M4gBVSuTLI1GIcM9vL6DH,MKQptukaMkc,https://www.youtube.com/watch?v=MKQptukaMkc,https://www.youtube.com/results?search_query=One%20True%20God%20Move%20Slow%20official%20audio
spotify-2jJIxT6WAIVWzDo3Ou53Q0,club,Club,Pursuit,Gesaffelstein,51,0.0708,0.934,tense,2jJIxT6WAIVWzDo3Ou53Q0,oRSijEW_cDM,https://www.youtube.com/watch?v=oRSijEW_cDM,https://www.youtube.com/results?search_query=Gesaffelstein%20Pursuit%20official%20audio
spotify-018SQDupRTRsl1Wolu1X0c,club,Club,Star Eater,Daniel Deluxe,51,0.147,0.555,tense,018SQDupRTRsl1Wolu1X0c,QHNakk1oM7g,https://www.youtube.com/watch?v=QHNakk1oM7g,https://www.youtube.com/results?search_query=Daniel%20Deluxe%20Star%20Eater%20official%20audio
